word,annotation
之,"助词，表示领有、连属关系
助词，表示修饰关系
用在主谓结构之间，使成为句子成分
代词，代替人或事物
代词，这，那
虚用，无所指
往，到"
以,"用，拿，把，将
依然，顺，按照
因为
在，于（指时日）
目的在于
”用法相同
用在方位词前，表明时间、方位、方向或数量的界限
用在动词后，类似词的后缀
太，甚
及，连及"
不,"〈副〉用在动词、形容词和其它副词前面表示否定
〈副〉加在名词或名词性词素前面，构成形容词
〈副〉单用，做否定性的回答
〈方〉用在句末表疑问
用在动补结构中间，表示不可能达到某种结果
不用，不必（用于某些客套话）"
为,"做，行，做事
当做，认做
变成
是
治理，处理
被
表示强调
助词，表示反诘或感叹
替，给
表目的
对，向"
其,"第三人物代词，相当于“他（她）”、“他们（她们）”、“它（它们）”；“他（她）的”、“他们（她们）的”、“它（们）的”
”、“那个”、“那些”
那里面的
连词，相当于“如果”、“假使”
助词，表示揣测、反诘、命令、劝勉
词尾，在副词后"
而,"”，代词，你或你的
表（从……到……）"
人,"由类人猿进化而成的能制造和使用工具进行劳动、并能运用语言进行交际的动物
别人，他人
人的品质、性情、名誉"
曰,"说
），是
叫做
语助词，无实义"
者,"用在名词、动词、形容词、数词、词组后，并与其相结合，指人、指事、指物、指时等
助词，表示语气停顿并构成判断句的句式
这，此（多用在古诗词曲中）"
有,"存在
表示所属
表示发生、出现
表示估量或比较
表示大、多
用在某些动词前面表示客气
”相近
词缀，用在某些朝代名称的前面"
也,"副词，表示同样、并行的意思
在否定句里表示语气的加强
在复句中表转折意
表示容忍或承认某种情况"
年,"地球绕太阳一周的时间
每年的
一年的开始
有关年节的（用品）
时期，时代
收成
岁数
人一生所经年岁的分期
科举时代同年考中者的互称"
大,"”相对
指大小的对比
规模广，程度深，性质重要
”后，表示程度浅或次数少
年长，排行第一
敬辞
时间更远
超过事物一半，不很详细，不很准确"
子,"古代指儿女，现专指儿子
植物的果实、种子
动物的卵
幼小的，小的
小而硬的颗粒状的东西
”相对
对人的称呼
古代对人的尊称；称老师或称有道德、有学问的人
地支的第一位，属鼠
用于计时
封建制度五等爵位的第四等
附加在名词、动词、形容词后，具有名词性（读轻声）
个别量词后缀（读轻声）"
所,"处，地方
机关或其他办事的地方的名称
量词，指房屋
用在动词前，代表接受动作的事物
”字相应，表示被动的意思"
中,"和四方、上下或两端距离同等的地位
在一定范围内，里面
性质或等级在两端之间的
表示动作正在进行
特指“中国”
适于，合于
恰好合上
受到，遭受
科举考试被录取"
事,"自然界和社会中的现象和活动
变故
职业
关系和责任
办法
做，治
服侍"
州,"古代的一种行政区划，所辖地区的大小历代不同（后多用于地名）
中国一种民族自治行政区划"
军,"武装部队
泛指有组织的集体"
王,"古代一国君主的称号，现代有些国家仍用这种称号
中国古代皇帝以下的最高爵位
一族或一类中的首领
大
古代指统治者谓以仁义取得天下"
十,"表示多、久
表示达到顶点"
将,"快要
带领，扶助
拿，持
把
用言语刺激
保养
兽类生子
顺从
又，且
助词，用在动词和“出来”、“起来”、“上去”等中间
刚，刚刚
军衔的一级，在校以上，泛指高级军官
统率，指挥"
无,”相对；不
与,"给
交往，友好
赞助，赞许
〈书〉等待
〈连〉和
〈介〉跟；向
参加"
下,"”相对
等级低的
方面，方位
次序或时间在后的
由高处往低处，降落
使降落
进入
投送
到规定时间结束日常工作或学习
谦辞
颁布
攻克
卸掉
用，投入精力
退让
做出判断
量词，指动作次数
少于
动物生产"
上,"”相对
次序或时间在前的
等级和质量高的
由低处到高处
去，到
向前进
增加
安装，连缀
涂
按规定时间进行或参加某种活动
拧紧发条
登载，记
用在名词后边，表示时间、处所、范围
用在动词后边，表示开始、继续、趋向、完成
达到一定的程度或数量"
自,"本人，己身
从，由
当然
假如"
言,"讲，说
说的话
汉语的字
语助词，无义"
至,"到
极、最"
时,"一切事物不断发展变化所经历的过程
较长的时间
泛指一段时间
现在的，当前的
常常
一年中的一季
现在的记时单位，一昼夜的二十四分之一
某一时刻
不定时，有时候
机会"
使,"用
派，差谴
让，令，叫
假若
奉命办事的人"
一,"纯；专
全；满
相同
另外的
表示动作短暂，或是一次，或具试探性
乃；竞
部分联成整体
或者
初次"
太,"过于
极端，最
高，大
很
身分最高或辈分更高的"
书,"成本的著作
信
文件
写字或写的字
写文章
字体
某些曲艺形式的通称"
帝,"宗教徒或神话中称宇宙的创造者和主宰者
君主"
知,"晓得，明了
使知道
学识，学问
主管
彼此了解
彼此了解、交好的人"
得,"获取，接受
适合
满意
完成，实现
可以，许可
必须，须要
极舒服，极适意
用在动词后表可能
用在动词或形容词后的连接补语，表示效果或程度"
后,"君主；帝王
帝王的正妻
诸侯。《書•舜典》
”相对
”相对
”相对
子孙"
公,"正直无私，为大家利益
共同的，大家承认的
国家，社会，大众
让大家知道
封建制度最高爵位
敬辞，尊称男子
雄性的
对长辈和年老人的称呼"
可,"允许
能够
值得，认为
适合
尽，满
大约
表示强调
用在反问句里加强反问语气
用在疑问句里加强疑问语气"
士,"古代统治阶级中次于卿大夫的一个阶层
旧时指读书人
未婚的男子，泛指男子
对人的美称
称某些专业人员"
是,"表示解释或分类
表示存在
表示承认所说的，再转入正意，含有“虽然”的意思
表示适合
表示任何
用于问句
加重语气，有“的确”、“实在”的意思
”相对
认为对
表示应承或同意（单说一个“是”字）
这，此
助词，把行为对象提前表示只这样做"
三,"”代）
表示多次或多数"
臣,"君主时代的官吏，有时亦包括百姓
官吏对君主的自称
古代指男性奴隶"
二,"数名
双，比
两样，别的"
天,"在地面以上的高空
在上面
气候
季节，时节
日，一昼夜，或专指昼间
指神仙或他们所住的地方
自然界
）〕古代用来记日或年的字，有“天干”和“地支”两类，天干共十字
自然的、生成的"
兵,"武器
战士，军队
与军事或战争有关事物的统称"
行,"行列
兄弟姐妹的次弟；排行
量词。用于成行的东西
某些营业所
行业
用长的针脚成行地连缀
走
出外时用的
流通，传递
从事
流动性的，临时性的
足以表示品质的举止行动
实际地做
可以
能干
将要
古代指物质的基本元素
古诗的一种体裁
汉字字体的一种"
日,"离地球最近的恒星（亦称“太阳”）
”相对
天，一昼夜
某一天
时候
每天，一天一天地"
乃,"才
是，为
竟
于是，就
你，你的"
相,"交互，行为动作由双方来
动作由一方来而有一定对象的
亲自看（是否中意）
容貌，样子
物体的外观
察看，判断
辅助，亦指辅佐的人，古代特指最高的官
同一物质的某种物理、化学状态"
出,"从里面到外面
往外拿，支付
离开
产生，生长
发生
显露
超过
来到
引文、典故来源于某处
显得量多
放在动词后，表示趋向或效果"
文,"事物错综所造成的纹理或形象
刺画花纹
记录语言的符号
用文字记下来以及与之有关的
人类劳动成果的总结
自然界的某些现象
旧时指礼节仪式
”相对
温和
指非军事的
指以古汉语为基础的书面语
专指社会科学
掩饰
量词，指旧时小铜钱"
史,"自然界和人类社会的发展过程，亦指记述、研究这些的文字和学科
古代掌管记载史事的官
古代官职"
官,"在政府担任职务的人
属于国家的或公家的
生物体上有特定机能的部分"
国,"有土地、人民、主权的政体（古代指诸侯所受封的地域）
特指中国的"
及,"从后头跟上
达到
趁着，乘
连词，和，跟"
见,"看到
接触，遇到
看得出，显得出
（文字等）出现在某处，可参考
会晤
对事物观察、认识、理解
助词，表示被动或对我如何"
然,"对，是
以为对，答应，信守
这样，如此
用于词尾，表示状态"
此,"”相对
这里，这儿"
能,"才干，本事
有才干的
胜任，善于
会（表示可能性）
应该
物理学名词，“能量”的简称
和睦"
进,"”相对
入，往里去
吃，喝
收入或买入
奉上，呈上"
从,"跟随
依顺
采取，按照
从事；参加
由，自
跟随的人
宗族中次于至亲的亲属
次要的"
皆,全，都
何,副词，多么
故,"意外的事情
原因
有心，存心
老，旧，过去的，原来的
朋友，友情
死亡（指人）
所以，因此"
未,"不，不曾，没有
用于记时
放在句末，表示疑问"
宗,"家族的上辈，民族的祖先
家族
派别
主要的目的和意图
尊奉
为众人所师法的人物
量词，指件或批"
入,"进，由外到内
适合，恰好合适"
数,"表示、划分或计算出来的量
几，几个
技艺，学术
命运，天命
一个一个地计算
比较起来突出
责备，列举过错
谈论，述说
屡次"
诸,"众，许多
“之于”或“之乎”的合音
”
”
语助，无实在意义"
如,"依照顺从
像，相似，同什么一样
比得上，及
到，往
假若，假设
奈，怎么
与，和
或者
用在形容词后，表示动作或事物的状态
表示举例
应当"
安,"平静，稳定
使平静，使安定（多指心情）
对生活工作等感觉满足合适
没有危险，不受威胁
装设
存着，怀着（某种念头，多指不好的）
疑问词，哪里"
南,”相对
家,"共同生活的眷属和他们所住的地方
家庭所在的地方
居住
对人称自己的尊长、亲属
家里养的，不是野生的
经营某种行业的人家或有某种身份的人家
掌握某种专门学识或有丰富实践经验及从事某种专门活动的人
学术流派
量词，用于计算家庭或企业
词尾，指一类的人
用在男人的名字或排行后面，指他的妻
”"
令,"上级对下级的指示
古代官名
使，使得
时节
美好，善
敬辞，用于对方的亲属或有关系的人
），散曲中不成套的曲（多用于词调、曲调名）"
复,"回去，返
回答，回报
还原，使如前
副词，又，再
重复，重叠
许多的，不是单一的"
欲,"想得到某种东西或想达到某种目的的要求
想要，希望
需要
将要"
民,"以劳动群众为主体的社会基本成员
指人或人群
劳动大众的，非官方的
某族的人
从事不同职业的人
非军事的"
祖,"父亲的上一辈
称与祖父同辈的人
先代
初，开始
某种事业或派别的创始人
出行时祭路神，引申为送行"
先,"”相对
家族或民族的较早的一代或几代
对死去的人的尊称"
则,"模范
规程，制度
效法
表示因果关系，就，便
表示转折，却
表示肯定判断，乃，是
用在一、二、三……等数字后，列举原因或理由
”相近（中国宋、元、明代小说、戏剧里常用）
量词，指成文的条数"
请,"求
敬辞，用于希望对方做某事
延聘、邀、约人来
谒见、会见"
在,"存，居
存留于某地点
关于某方面，指出着重点
表示动作的进行
介词，表示事情的时间、地点、情形、范围等
”连用，表示强调"
平,"不倾斜，无凹凸，像静止的水面一样
均等
与别的东西高度相同，不相上下
安定、安静
治理，镇压
抑止（怒气）
和好
一般的，普通的
往常，一向
汉语四声之一"
又,"表示重复或继续，指相同的
表示加重语气、更进一层
表示几种情况或几种性质同时存在
再加上，还有
表示转折"
道,"路，方向，途径
指法则、规律
学术或宗教的思想体系
方法，办法，技术
指“道教”（中国主要宗教之一，创立于东汉）
指某些反动迷信组织
说，讲
用语言表示情意
线条
量词"
山,"地面形成的高耸的部分
形状像山的
形容大声"
城,"围绕都市的高墙
都市"
世,"一个时代，有时特指三十年
一辈一辈相传的
人间，以与天上相区别
自然界和人类社会一切事物的总和；全地球、人间或宇宙；宇宙的一部分"
部,"全体中的一份
机关企业按业务范围分设的单位
具有统属关系
安置安排
量词"
守,"保持，卫护
看管
在一个地方不动
遵照
维持原状，不想改变
呆在一起
节操
靠近，依傍
古代官名"
今,◎ 现在
遂,"顺，如意
成功，实现
于是，就
通达
进，荐"
吾,文言代词，我，我的
闻,"听见
听见的事情，消息
出名，有名望
名声
用鼻子嗅气味"
明,"”相对
清楚
懂得，了解
公开，不隐蔽
能够看清事物
睿智
视觉，眼力
神灵，泛指祭神供神之物
次（专指日或年）
中国朝代名"
君,"封建时代指帝王、诸侯等
古代的封号
对对方的尊称"
主,"权力或财物的所有者，家庭的首脑
旧时臣子称君王，下级称上级，仆人称家主
对事物的意见或认为应当如何处理，决定
对事物有决定权力
最重要的，最基本的
预示
旧时为死人立的牌位"
用,"使人或物发挥其功能
可供使用的
进饭食的婉辞
花费的钱财
物质使用的效果
需要（多为否定）
因此"
卒,"兵
旧称差役
死亡
完毕，终了
终于"
元,"头、首、始、大
基本
未知数
中国朝代名"
死,"”相对
不顾生命
固执，坚持到底
无知觉
不活动，不灵活
不通达
过时，失去作用
极，甚"
五,”代）
余,"文言代词，我
剩下来的，多出来的
十、百、千等整数或名数后的零数
后"
即,"就是
当时或当地
就，便
假如，倘若
靠近
到，开始从事"
百,"”代）
喻很多"
朝,"早晨
日，天
向着，对着
封建时代臣见君；亦指宗教徒的参拜
”相对
称一姓帝王世代相继的统治时代；亦称某一个皇帝统治的时期"
命,"动植物的生活能力
迷信认为生来就注定的贫富、寿数等
上级对下级的指示
给予（名称等）
指派，使用"
都,"大都市
一国的最高行政机关所在的地方，京城
美好
总
居
全，完全
表示语气的加重"
学,"效法，钻研知识，获得知识，读书
传授知识的地方
掌握的知识
分门别类的有系统的知识"
当,"充任，担任
掌管，主持
正在那时候或那地方
面对着
相称，相配
应该
抵敌
判罪，意为处以相当的刑罚
顶端，头
合宜
抵得上，等于
姑且作为
认为
在同一时间
吃亏，受骗
抵押
后缀。龙潜庵 《宋元语词集释•题记》"
多,"”相对
数目在二以上
有余，比一定的数目大
过分，不必要的
相差的程度大
表示惊异、赞叹
表示某种程度
表疑问"
名,"人或事物的称谓
起名字
做某事时用来作依据的称号
叫出，说出
声誉
有声誉的，大家都知道的
占有
量词，用于人"
师,"教人的人
擅长某种技术的人
效法
榜样
指由师徒或师生关系产生的
对和尚或道士的尊称
军队
军队的编制单位，团或旅的上一级
一国的首都"
谓,"告诉
称呼，叫作
说"
东,"”相对
主人（古代主位在东，宾位在西）
请客出钱的人"
诏,"告诉，告诫
帝王所发的文书命令"
归,"返回，回到本处
还给
趋向，去往
合并，或集中于一类，或集中于一地
由，属于
结局
珠算中一位除数的除法
古代称女子出嫁"
夫,"旧时称成年男子
旧时称服劳役的人
与妻结成配偶者
文言发语词
文言助词
”"
长,"两端的距离
”相对，指空间，亦指时间
优点，专精的技能
对某事做得特别好
生长，成长
增加
排行第一的
辈分高或年纪大
领导人；负责人"
高,"”相对
高度
等级在上的
在一般标准或平均程度之上
声音响亮
敬辞，称别人的事物
热烈、盛大
显贵，道德水平高
宗族中最在上之称
酸根或化合物中比标准酸根多含一个氧原子的"
生,"一切可以发育的物体在一定条件下具有了最初的体积和重量，并能发展长大
造出
活的，有活力的
有生命的东西的简称
生活，维持生活的
整个生活阶段
发出，起动
使燃料燃烧起来
植物果实不成熟
未经烧煮或未烧煮熟的
不熟悉的，不常见的
不熟练的
硬
甚，深
正在学习的人
有学问或有专业知识的人
传统戏剧里扮演男子的角色
词尾"
方,"数学上指某数自乘的积
人的品行端正
一边或一面
地区，地域
办法，做法，技巧
种，类
为治疗某种疾病而组合起来的若干种药物的名称、剂量和用法
违背
正在，正当
才，刚刚
量词，多指一立方米
量词，用于方形的东西"
亦,"副词，也，表示同样、也是
又
不过，只是
表示加强或委婉的语气"
吏,"旧时代的大小官员
旧指小公务员"
尚,"），仍然
尊崇，注重
社会上共同遵从的风俗、习惯等
矜夸，自负
古，久远
庶几，差不多"
非,"不，不是
不对，过失
”字）
责怪，反对
指“阿非利加洲”（位于东半球的西南部。简称“非洲”）"
迁,"机关、住所等另换地点
变动，转变
贬谪，放逐
古代称调动官职，一般指升职"
司,"主管，操作
官署名称
视察"
武,"”相对
勇猛，猛烈
半步，泛指脚步"
马,"哺乳动物，颈上有鬃，尾生长毛，四肢强健，善跑，供人骑或拉东西
大"
西,"”相对
事物的样式或方法属于西方的（多指欧美各国）"
四,”代）
居,"住
居住的地方
当，占，处于
安着，怀着
积蓄，储存
停留
平时"
郎,"对年轻男子的称呼
对某种人的称呼
旧时妻称夫或情人
封建时代的官名"
去,"”相对
距离，差别
已过的，特指刚过去的一年
除掉，减掉
扮演戏曲中的角色
用在动词后，表示趋向
用在动词后，表示持续
汉语四声之一"
已,"止，罢了
表示过去
后来，过了一些时间，不多时
太，过"
必,"一定
决定，肯定
固执
果真，假使"
还,"回到原处或恢复原状
偿付
依然，仍然
更加
再，又
尚，勉强过得去
尚且"
阳,"”相对
指“太阳”
山的南面或水的北面（多用于地名）
温暖
外露的，明显的
凸出的
关于活人的
带正电的
男性生殖器"
贼,"偷东西的人，盗匪
对人民有危害的人
害，伤害
邪的，不正派的
狡猾
副词，很"
御,"驾驶车马
封建社会指上级对下级的治理，统治
对帝王所作所为及所用物的敬称
抵挡"
同,"共，在一起（从事）
和，跟"
侍,◎ 伺候，在旁边陪着
初,"开始时，开始的部分
原来的，原来的情况"
河,"水道的通称
特指中国黄河
指“银河系”"
父,"爸爸，母亲的丈夫
对男性长辈的称呼
老年人"
万,"数目，十个一千
喻极多
极，很，绝对"
少,"”相对
缺，不够
不经常
短时间
丢，遗失
轻视
年纪轻或年轻人
古代辅佐长官的副职
次级的"
字,"用来记录语言的符号
文字的不同形式，书法的派别
书法的作品
字的音
合同，契约
旧时称女子出嫁
生子，乳，爱"
正,"”相对
合于法则的
合于道理的
恰好
表示动作在进行中
”相对
纯，不杂
改去偏差或错误
图形的各个边的长度和各个角的大小都相等的
”相对
”相对"
德,"人们共同生活及行为的准则和规范，品行，品质
心意，信念
恩惠"
功,"”相对
成就，成效
物理学上指用力使物体移动的工作，等于力乘移动的距离
本领，能耐"
法,"体现统治阶级的意志，国家制定和颁布的公民必须遵守的行为规则
处理事物的手段
仿效
标准，规范，可仿效的
佛家的道理
道家佛家的所谓拿妖捉怪的技术
指“法国”"
千,"”代）
喻极多"
因,"原故，原由，事物发生前已具备的条件
理由
依，顺着，沿袭"
右,"”相对
地理上指西方
指政治思想上保守或反动的
古代称等级高的
崇尚，重视"
政,"治理国家事务
国家某一部门主管的业务
家庭或集体生活中的事务"
成,"做好，做完
事物发展到一定的形态或状况
变为
可以，能行
称赞人能力强
够，达到一定数量
已定的，定形的
十分之一
平定，讲和"
召,"召唤
召致，引来"
府,"储藏文书或财物的地方
旧时封建贵族和官僚的主宅，泛指一般人的住宅
中国唐代至清代的行政区域名，等级在县和省之间
国家行政机关"
门,"建筑物的出入口，又指安装在出入口能开关的装置
形状或作用像门的东西
途径，诀窍
旧时指封建家族或家族的一支，现亦指一般的家庭
一般事物的分类
生物的分类单位之一，在“界”之下、“纲”之上
宗教的教派或学术思想的派别
量词
事件，多指负面的事件"
既,"动作已经完了
已经
”连用，表示两者并列"
立,"站，引申为竖起来
做出，定出
存在，生存
马上，即刻"
尝,"辨别滋味
试，试探
经历
曾经"
月,"月亮；月球。地球的卫星
按月出现的，每月的
形状像月亮的，圆的
妇女产后一个月以内的时间"
等,"数量、程度相同，或地位一般高
表示数量或程度的级别
种，类
表示同一辈份的多数人
表示列举未尽，或用于列举煞尾
候，待
待到"
举,"向上抬，向上托
动作行为
发起，兴办
提出
推选，推荐
全
古代指科举取士
攻克"
左,"”相对
地理上指东方
指政治思想上进步或超过现实条件许可的过头思想和行动
斜，偏，差错
降低官职"
若,"如果，假如
如，像
你，汝
约计
此，如此
顺从
指“海若”（古代神话中的海神）
指“杜若”（古书上说的一种香草）
”合用
用在形容词或副词后，表示事物的状态"
甚,"很，极
超过
方言，什么
表示进一层的意思"
遣,"派，送，打发
排解，发泄"
议,"意见，言论
讨论，商量
评论是非，多指责备
旧时文体的一种，用以论事说理或陈述意见"
江,"大河的通称
特指中国长江"
起,"由躺而坐或由坐而立等
离开原来的位置
开始
拔出，取出
领取（凭证）
由下向上，由小往大里涨
发生，产生，发动，提出
长出
拟定
建造，建立
群，组，批
量词，指件，宗
自，从
用在动词后，表示动作的趋向
”连用，表示动作开始
”连用，表示胜任；亦表示达到某一种标准"
京,"国都（现特指中国首都北京）
中国少数民族，主要分布于广西壮族自治区"
善,"心地仁爱，品质淳厚
好的行为、品质
高明的，良好的
友好，和好
熟悉
办好，弄好
）于
赞许
好好地
容易，易于"
会,"聚合，合在一起
多数人的集合或组成的团体
城市，通常指行政中心
彼此见面
付钱
理解，领悟，懂
能，善于
机会，时机，事情变化的一个时间
一定，应当
恰好，正好
一小段时间
总计"
外,"”相对
不是自己这方面的
指“外国”
称母亲、姐妹或女儿方面的亲戚
称岳父母
称丈夫
关系疏远的
对正式的而言，指非正式的
传统戏剧角色名"
众,"许多
”相对
许多人"
心,"人和高等动物体内主管血液循环的器官（通称“心脏”）
中央，枢纽，主要的
习惯上指思想的器官和思想情况，感情等"
常,"长久，固定不变
副词，经常，时时（叠），不只一次
普通的，一般的"
乎,"文言助词，表示疑问
文言叹词
”（用在动词或形容词后）
古形容词或副词后缀"
问,"有不知道或不明白的事请人解答
为表关切而询问
审讯，追究
管，干预
向某人或某方面要东西"
意,"心思
心愿，愿望
人或事物流露的情态
料想，猜想"
来,"”相对
从过去到现在
现在以后，未到的时间
用在数词或数量词后面，表示约略估计
做某个动作
用在动词前，表示要做某事
用在动词后，表示做过（一般均可用“来着”）
用在动词后，表示动作的趋向
表示发生
在数词一、二、三后面，表示列举理由
用做诗、歌词中的衬字"
卿,"古代高级官名
古代夫妻互称"
前,"”相对
”相对
顺序在先的
向前行进"
位,"所处的地方
职务的高低
特指君主的地位
一个数中每个数码所占的位置
量词，常用于人，表尊重"
水,"一种无色、无臭、透明的液体
河流
液汁
指附加的费用或额外的收入
指洗的次数"
侯,封建制度五等爵位的第二等
六,”代）
治,"管理，处理
整理
惩办
医疗
消灭农作物的病虫害
从事研究
安定
旧称地方政府所在地"
北,"”相对
打了败仗往回逃"
岁,"年
一年的收成，年景
年龄
星名
指时间，光阴"
称,"量轻重
叫，叫做
名号
说
赞扬
举
◎ 适合"
虽,◎ 连词，把意思推开一层，表示“即使”或是“纵然”的意思，后面多有“可是”、“但是”相应
重,"”相对
程度深
价格高
数量多
主要，要紧
认为重要而认真对待
言行不轻率
再
层"
罪,"犯法的行为
过失，把过失归到某人身上
刑罚
苦难，痛苦"
定,"不动的，不变的
使不变动
平安，平靖（多指局势）
镇静，安稳（多指情绪）
确凿，必然的
预先约妥"
征,"远行
用武力制裁，讨伐
召集
收集
招请，寻求
证明，证验
表露出来的迹象"
礼,"社会生活中，由于道德观念和风俗习惯而形成的仪节
符合统治者整体利益的行为准则
表示尊敬的态度和动作
表示庆贺、友好或敬意所赠之物"
李,落叶小乔木，果实称“李子”，熟时呈黄色或紫红色，可食
论,"分析判断事物的道理
分析阐明事物道理的文章、理论和言论
学说，有系统的主张
看待
衡量，评定
按照"
义,"公正合宜的道理或举动
合乎正义或公益的
情谊
意思，人对事物认识到的内容
指认为亲属的
人工制造的（人体的部分）"
战,"打仗
泛指争斗，比高下
发抖"
光,"太阳、火、电等放射出来耀人眼睛，使人感到明亮，能看见物体的那种东西
荣誉
使显赫
景物
光滑
完了，一点不剩
露着
单，只"
焉,"”相当
乃，才
文言疑问词，怎么，哪儿
文言助词"
始,"”相对
才，刚才"
奏,"），依照曲调吹弹乐器
封建时代臣子对皇帝陈述意见或说明事情
呈现，取得"
陈,"排列，摆设
述说
旧的，时间久的"
母,"妈妈，娘
对女性长辈的称呼
”相对
事物据以产生出来的
一套东西中间可以包含其他部分的"
骑,"跨坐在牲畜或其他东西上
兼跨两边
）
）
）"
拜,"表示敬意的礼节
恭敬地
行礼祝贺
用一定的礼节授与某种名义或职位，或结成某种关系"
亲,"有血统或夫妻关系的
婚姻
因婚姻联成的关系
称呼同一地方的人
本身，自己的
感情好，关系密切
用嘴唇接触表示喜爱"
发,"交付，送出
放，射
表达，阐述
散开，分散
开展，张大，扩大
打开，揭露
产生，出现
食物因发酵或水浸而膨涨
显现，显出
开始动作
引起，开启
公布，宣布
人的前额、双耳和头颈部以上生长的毛"
赐,"给，旧时指上级给下级或长辈给小辈
敬辞
赏给的东西，给予的好处"
往,"去，到
过去"
张,"开，展开
商店开业
拉紧
扩大，夸大
放纵，无拘束
料理，应酬
惊惶，慌忙
看，望
量词"
内,"”相对
称妻子或妻子家的亲戚
亲近"
郡,◎ 古代行政区域，中国秦代以前比县小，从秦代起比县大
里,"居住的地方
街坊（古代五家为邻，五邻为里）
中国市制长度单位
衣物的内层
”相对，并引申为一定范围以内"
节,"竹子或草木茎分枝长叶的部分
物体的分段或两段之间连接的部分
段落，事项
中国历法把一年分为二十四段，每段开始的名称
纪念日或庆祝宴乐的日子
礼度
音调高低缓急的限度
操守
省减，限制
略去，简略
古代出使外国所待的凭证"
求,"设法得到
恳请，乞助
需要"
通,"没有阻碍，可以穿过，能够达到
懂得，彻底明了
传达
往来交接
普遍、全
男女不正当的性行为"
授,"给，与
教，传给"
章,"歌曲诗文的段落
条目，规程
条理
花纹，文采
戳记
佩带的身上的标志
奏本"
地,"人类生长活动的所在
地球或地球的某部分
地球表面除去海洋、江河、湖泊的部分
地球表面的土壤
地球上的一个区域
建筑材料铺成的平面
所在空间或区域的部位
人在社会关系中所处的位置
表示思想或行动的某种活动领域
底子
结构助词，用在词或词组之后表示修饰后面的谓语"
石,"构成地壳的矿物质硬块
指石刻
指古代用来治病的针"
周,"圈子，环绕
普遍、全面
时期的一轮，亦特指一个星期
完备
给，接济
中国朝代名"
制,"规定
限定，约束，管束
法规，制度
造，作
依照规定的标准做的
古代帝王的命令"
封,"密闭，使跟外面隔绝
用来装信、钱等物的纸套
帝王把土地或爵位给予亲属或臣僚
疆界
限制
帝王筑坛祭天
量词，用于装封套的东西"
秦,"中国周代诸侯国名，在今陕西省和甘肃省一带
中国朝代名"
敢,"有勇气，有胆量
谦辞，“不敢”的简称，冒昧的意思
方言，莫非"
金,"一种化学元素，符号Au，原子序数79，黄赤色，质软
金一类的，具有光泽、延展性，容易传热和导电的固体的通称（汞除外）。
钱
指兵器或金属制的乐器
喻尊贵、贵重、难得、持久、坚固、有光泽等
一些动、植物因颜色似金而得名
中国朝代名"
信,"诚实，不欺骗
不怀疑，认为可靠
崇奉
消息
函件
随便，放任"
受,"接纳别人给的东西
忍耐某种遭遇
遭到
适合，中"
汉,"天河
成年男人
汉语的简称
中国朝代名"
且,"尚，还，表示进一层
表示暂时
表示将要、将近
一面这样，一面那样
表示经久
”相似
敬慎的样子"
或,"也许，有时，表示不定的词
某人，有的人
稍微"
我,自称，自己，亦指自己一方
力,"人和动物筋肉的效能
一切事物的效能
物理学上指物体之间相互作用，引起运动加速或形变
用极大的力量"
贤,"有道德的，有才能的
敬辞，用于平辈或晚辈"
八,”代）
忠,◎ 诚心尽力
丞,"帮助，辅佐
封建时代辅佐主要官员做事的官吏"
宜,"适合，适当
应该，应当
当然，无怪"
小,"”相对
范围窄，程度浅，性质不重要
时间短
年幼小，排行最末
谦辞
妾"
杀,"使人或动物失去生命
战斗，搏斗
消减
药物等刺激身体感觉疼痛
收束
勒紧，扣紧
用在动词后，表示程度深"
宣,"公开说出，散布
疏导
皇帝命令或传达皇帝的命令"
过,"从这儿到那儿，从此时到彼时
经过某种处理方法
超出
重新回忆过去的事情
从头到尾重新审视
次，回，遍
错误
用在动词后表示曾经或已经
”连用，表示趋向"
氏,古代称呼帝王贵族等，后称呼名人、专家
直,"不弯曲
把弯曲的伸开
公正合理
爽快，坦率
一个劲儿地，连续不断
”相对"
并,"合在一起
一齐，平排着
连词，表平列或进一层
用在否定词前，加强否定的语气，表不像预料的那样"
尽,"完毕
达到极端
全部用出，竭力做到
都，全
极，最
力求达到最大限度"
独,"单一，只有一个
老而无子
难道，岂
”"
疾,"病，身体不舒适
一般的痛苦
疼痛
恨
弊病，缺点
快，迅速"
古,"”相对
古体诗的简称"
每,"指特定范围内的任何一个或一组
指特定范围内逐一出现的任何一次
虽"
兴,"举办，发动
起来
旺盛
流行，盛行
准许
或许
◎ 对事物感觉喜爱的情绪"
加,"增多
把本来没有的添上去
把几个数合起来的算法
施以某种动作
使程度增高
超过"
食,"吃
吃的东西
俸禄
日月亏缺或完全不见的现象
◎ 拿东西给人吃
◎ 用于人名"
除,"去掉
改变，变换
不计算在内
”的反运算
台阶
任命官职"
作,"起，兴起，现在起
从事，做工
举行，进行
干出，做出，表现出，制造出
当成，充当
创造
文艺方面的成品
旧时手工业制造加工的场所
从事某种活动"
取,"拿
选择
采用
得到，招致
消去"
廷,◎ 封建时代君主受朝问政的地方
昌,"兴盛
善，正当"
和,"相安，谐调
平静
平息争端
数学上指加法运算中的得数
连带
连词，跟，同
介词，向，对
指日本国
体育比赛不分胜负的结果
和谐地跟着唱
依照别人的诗词的题材或体裁作诗词
◎ 在粉状物中搅拌或揉弄使粘在一起
粉状或粒状物搀和在一起，或加水搅拌
量词，指洗衣服换水的次数或一剂药煎的次数"
修,"装饰，使完美
整治，恢复完美
剪或削
兴建，建造
编纂，撰写
（学问，品行方面）钻研、学习、锻炼
），高
信奉宗教的人虔诚地学习教义，并付诸行动"
乐,"使人快乐的事情
对某事甘心情愿
笑
声音，和谐成调的
喜好、欣赏。用于文言文
地名用字"
对,"答，答话，回答
朝着
处于相反方向的
跟，和
互相，彼此相向地
说明事物的关系
看待，应付
照着样检查
投合，适合，使相合
正确，正常，表肯定的答语
双，成双的
平分，一半
搀和（多指液体）
量词，双"
服,"衣裳
穿衣裳
作，担任
顺从
习惯，适应
吃（药）
乘，用
”）"
留,"停止在某一个地方
注意力放在上面
不忍舍弃，不忍离去
不使离开
接受
保存"
间,"两段时间或两种事物相接的地方
在一定空间或时间内
房子内隔成的部分
量词，房屋的最小单位
空隙
隔开，不连接
挑拨使人不和
拔去，除去
偏僻的小路
参与"
风,"空气流动的现象。气象学特指空气在水平方向的流动
像风那样迅速、普遍的
社会上长期形成的礼节、习俗
消息，传闻
表现在外的景象、态度、举止
指民歌、歌谣
中医学指某些疾病"
老,"年纪大，时间长，有经验，陈旧的
对年纪大的人的尊称
极，很
老年人
晚年
敬老，养老
总是，经常
原来的
”相对
词头，用于表排行，用于表相互尊称，或加在某些动植物名前构成多音节词
死的讳称"
身,"人、动物的躯体，物体的主要部分
指人的生命或一生
亲自，本人
统指人的地位、品德
孕，娠
量词，指整套衣服"
开,"启，张，把关闭的东西打开
分割
通，使通
使显露出来
扩大、发展
发动或操纵
起始
设置、建立
列举，写出
支付
沸腾，滚
举行
放在动词后面，表示效果"
度,"计算长短的器具或单位
事物所达到的境界
分角的单位，一圆周角分为360度
依照计算的一定标准划分的单位
法则，应遵行的标准
能容受的量
考虑，打算
过，由此到彼
量词，次
僧尼道士劝人出家
计算，推测"
九,"”代）
泛指多次或多数"
建,"立，设置，成立
造，筑
提出，倡议
指中国福建省
北斗的斗柄所指的方位。斗柄农历每月所指的方位不同，因此“建”亦转指月份（亦称“月建”、“月尽”）"
许,"应允，认可
承认其优点
预先答应给与
女方接受男方求亲
或者，可能
处，地方
表示约略估计的词
这样"
益,"增加
好处，有好处
更加"
改,变更，更换
流,"液体移动
像水那样流动不定
传播
指江河的流水
像水流的东西
向坏的方面转变
旧时的刑罚，把犯人送到荒远的地方去
品类，等级
指不正派"
孝,"对父母尽心奉养并顺从
居丧的事
丧服"
景,"环境的风光
情况，状况
佩服，敬慕
高，大"
参,"加入在内
相间，夹杂
检验，用其他有关材料来研究，考证某事物
探究，领悟
旧指下级进见上级
弹劾，向皇帝告状
星名，二十八宿之一
中药名"
率,"带领
轻易地，不细想，不慎重
爽直坦白
大概，大略
遵循
模范，楷模
”）
◎ 比值，两数之比"
赵,中国古代国名（①战国时代的“赵”；②西晋结束，匈奴族、羯族先后在北方建立“赵国”，史称“前赵”、“后赵”）
白,"雪花或乳汁那样的颜色
明亮
清楚
纯洁
空的，没有加上其它东西的
没有成就的，没有效果的
没有付出代价的
陈述
与文言相对
告语
丧事
把字写错或读错
政治上反动的
中国少数民族，主要分布于云南省"
云,"说话，引文
文言助词，句首句中句末都用
水气上升遇冷凝聚成微小的水珠，成团地在空中飘浮
指中国“云南省”"
久,"时间长
时间的长短"
客,"”相对
外出或寄居，迁居外地的（人）
服务行业的服务对象
指奔走各地从事某种活动的人
在人类意识外独立存在的
量词，用于论份儿出售的食品、饮料"
计,"核算
测量或核算度数、时间、温度等的仪器
主意，策略
谋划，打算"
击,"敲打，或做类似敲打的动作
攻打
碰，接触"
耳,"听觉和平衡感觉的器官（通称“耳朵”）
像耳朵的东西
像耳朵一样分列两旁的东西
听说
文言助词，而已，罢了
”）"
足,"脚
器物下部的支撑部分
充分，够量
完全
值得，够得上
增益"
抚,"慰问
扶持，保护
轻轻地按着"
陵,"大土山
高大的坟墓"
疏,"去掉阻塞使通畅
分散
”相对
不亲密，关系远的
不细密，忽略
空虚
不熟悉
粗劣
分条说明的文字"
督,"察看；监管
责罚
古代将官名"
辞,"告别
不接受，请求离去
躲避，推托
解雇
优美的语言
讲话；告诉
文体的一种"
败,"”相对
战胜，使失败
毁坏
解除，消散
破旧，衰落，腐烂"
谏,◎ 旧时称规劝君主或尊长，使改正错误
深,"”相对
从表面到底的距离
久，时间长
程度高的
颜色浓"
孙,"儿子的儿子
跟孙子同辈的亲属
孙子以后的各代
植物再生成孳生的"
遇,"相逢，会面，碰到
机会
对待，款待"
素,"本色，白色
颜色单纯，不艳丽
洁白的绢
本来的，质朴、不加修饰的
物的基本成分
向来
白，不付代价
”相对"
经,"”相对
地理学上指通过南北极与赤道成直角的线（亦作“子午线”）
作为思想、道德、行为等标准的书，亦称宗教中讲教义的书，或称某一方面事物的专著
治理，管理
通过
禁受
常行的，历史不变的
中医指人体内较大的脉络
表示动作的时间而且完成了
缢死，上吊
妇女每月一次由阴道排出血液"
终,"”相对
人死
副词，到底，总归
从开始到末了"
利,"”相对
使顺利、得到好处
与愿望相符合
”相对
从事生产、交易、货款、储蓄所得超过本钱的收获"
清,"”相对
安静，不烦
单纯不杂
明白，明晰
一点不留，净尽
整理，查验
详细登记
公正，廉洁
洁净，纯洁
高洁，高尚的，高明的
太平，不乱
中国朝代名"
才,"能力
从才能方面指某类人
副词。①方，始"
失,"丢
违背
找不着
没有掌握住
没有达到
错误
改变常态"
观,"看，察看
看到的景象或样子
对事物的看法、认识
道教的庙宇
楼台"
业,"国民经济中的部门
职务，工作岗位
学习的功课
重大的成就或功劳
从事
财产
既，已经
佛教名词"
病,"生物体发生不健康的现象
缺点，错误
损害，祸害
不满，责备
烦躁，担忧"
实,"充满
符合客观情况，真，真诚
植物结的果
富足"
乱,"没有秩序
社会动荡，战争，武装骚扰
混淆
任意随便
男女关系不正当
横渡
治理
古代乐曲的最后一章或辞赋末尾总括全篇要旨的部分"
固,"结实，牢靠
坚定，不变动
本，原来"
卫,"保护，防护
防护人员
古代称驴
中国明代驻兵的地点（后只用于地名）"
宫,"房屋（封建时代专指帝王的住所）
神话中神仙居住的房屋
庙宇的名称
一些文化娱乐场所"
吴,"中国周代诸侯国名，在今江苏省南部和浙江省北部，后扩展至淮河下游一带
中国东汉末年三国之一
泛指中国江苏省南部和浙江省北部一带"
好,"”相对
身体康健，疾病消失，生活幸福
友爱，和睦
容易
完成，完善
表示应允、赞成
很，甚
便于
反话，表示不满意
）相对
常常，容易（发生事情）"
镇,"压
以武力维持安定
安定
军事上重要的地方
较大的集市
把饮料等同冰或冷水放在一起使凉
整个一段时间
时常"
齐,"东西的一头平或排成一条直线
达到，跟什么一般平
同时；同样；一起
全；完全
中国朝代名
调剂
药剂
界限；分际
成功；成熟
斋戒
庄敬"
继,连续，接着
奉,"恭敬地用手捧着
尊重，遵守
敬辞，用于自己的举动涉及对方时
信仰
供养，伺候"
致,"送给，给予
招引，使达到
样子，情趣
细密，精细"
易,"”相对
和悦
改变
交换
轻慢
芟治草木"
谋,"计划，计策，主意
设法寻求
商议"
视,"看
亲临某事
看待
看望
比照"
兼,"加倍，把两份并在一起
同时涉及或所具有的不只一方面"
贵,"”相对
指地位高
敬辞，称与对方有关的事物
特别好的，重要的
值得看重，重视
指中国贵州省"
罢,"停，歇
免去，解除
完了，毕"
海,"靠近大陆，比洋小的水域
用于湖泊名称
容量大的器皿，巨大的
喻数量多的人、事物像海的
漫无目标地
古代指从外国来的
特指中国上海"
告,"说给别人，通知
向行政司法机关检举、控诉
表明，请求
宣布或表示某种情况出现"
解,"剖开，分开
把束缚着、系着的东西打开
除去，除，废除，停止
溶化
讲明白，分析说明
懂，明白
调和，处理
高兴，开心
排泄
演算方程式
押送财物或犯人
旧时指杂技表演的各种技艺，特指骑在马上表演的技艺"
户,"一扇门，门
人家
会计部门称账册上有业务关系的团体或个人
门第"
思,"想，考虑，动脑筋
想念，挂念
想法"
代,"替
历史上划分的时期
世系的辈分"
坐,"古人双膝跪地，把臀部靠在脚后跟上，这是其本义，后泛指以臀部着物而止息
乘，搭
坚守，引申为常驻，不动
建筑物的位置或背对着某一方向
把锅、壶等放在火上
物体向后施压力
介词，因，由于，为着
定罪
瓜果等植物结实"
由,"原因
自，从
顺随，听从，归属
经过，经历
凭借"
任,"相信，信赖
使用，给予职务
负担，担当
职务
由着，听凭
不论，无论"
权,"职责范围内支配和指挥的力量
有利的形势
变通，不依常规
暂且，姑且
秤锤
衡量，估计"
引,"拉，伸
领，招来
拿来做证据、凭据或理由
退却
古代柩车的绳索"
听,"用耳朵接受声音
顺从，接受别人的意见
任凭，随
治理；判断
量词，指马口铁密封成筒状以贮藏食物、饮料等"
弟,"同父母（或只同父、只同母）的比自己年纪小的男子
亲戚或亲族间辈分相同的比自己年纪小的男子
称同辈比自己年纪小的男性
学生对老师自称或别人指称"
本,"草木的根
”相对
草的茎，树的干
中心的，主要的
原来
自己这方面的"
理,"物质本身的纹路、层次，客观事物本身的次序
事物的规律，是非得失的标准，根据
自然科学，有时特指“物理学”
按事物本身的规律或依据一定的标准对事物进行加工、处置
对别人的言行作出反应"
衣,"人穿在身上用以蔽体的东西
披或包在物体外面的东西"
远,"”相对
时间长
关系疏，不亲密
深奥
◎ 避开"
尉,"古代官名，一般是武官
军衔的一级，在校以下"
关,"闭，合拢
拘禁
古代在险要地方或国界设立的守卫处所
征收进出口货税的机构
重要的转折点，不易度过的时机
牵连，联属
旧指发给或支领薪饷"
给,"交付，送与
把动作或态度加到对方
替，为
被，表示遭受
把，将
供应
富裕，充足
敏捷"
广,"”相对
多
扩大，扩充
”。草屋。清桂馥《説文解字義證•广部》
依山崖建造的房屋。《説文•广部》
屋脊。《古今韻會舉要•琰韻》:“广，《增韻》"
执,"拿着
掌握
捕捉，逮捕
坚持
实行
凭单
朋友"
莫,"不要
没有，无
不，不能"
永,"水流长
久远"
临,"从上向下看，在高处朝向低处
到，来
遭遇，碰到
挨着，靠近
照样子摹仿字画
旧时指帝王上朝"
异,"不同的
分开
另外的，别的
特别的
奇怪"
顾,"回头看，泛指看
照管，注意
商店或服务行业称来买货物或要求服务的
拜访
文言连词，但、但看
文言连词，反而、却"
志,"意向
记在心里
记载的文字
记号
〈方〉称轻重，量长短、多少"
说,"用话来表达意思
介绍
言论，主张
责备
◎ 用话劝说别人，使他听从自己的意见"
承,"在下面接受，托着
担当，应允
受到，蒙受
继续，接连
顺从，迎合"
望,"看，往远处看
拜访
希图，盼
人所敬仰的，有名的
向，朝着
月圆，农历每月十五日前后
埋怨，责备"
物,"人以外的具体的东西
内容，实质
指自己以外的人或跟自己相对的环境"
仁,"一种道德范畴，指人与人相互友爱、互助、同情等
果核的最内部分或其他硬壳中可以吃的部分"
仲,"兄弟排行次序二
在当中的"
属,"同一家族的
类别
有管辖关系的，也指有管辖关系的人或单位
归类
为某人或某言所有
系，是
用十二生肖记生年
连缀，接连
（意念）集中于一点
倾注，引申为劝酒
恰好遇到"
传,"）授，递
推广，散布
解说经义的文字
记载某人一生事迹的文字
以演述历史和人物故事为中心的文学作品
古代设于驿站的房舍，亦指驿站上所备的马车"
宁,"平安，安定
旧时已嫁的女子或在外子女回家省视父母
情愿
岂，难道
语助，无实际意义"
擢,"拔
提拔，提升"
破,"碎，不完整
分裂
使损坏
超出
花费，耗费
打败，打垮
揭穿"
保,"看守住，护着不让受损害或丧失
维持原状，使不消失或减弱
负责
旧称佣工"
路,"道，往来通行的地方
思想或行动的方向、途径
方面，地区
种类
大，正
车"
难,"不容易，做起来费事
不大可能办到，使人感到困难
不好
灾祸，困苦
仇怨
诘责，质问"
边,"物体的周围部分，外缘
国家或地区交界处
几何学上指夹成角或围成多角形的直线
旁侧，近旁
方面
表示方位"
皇,"君主，亦指神话传说中的神
大
对先代的敬称"
威,"表现出来使人敬畏的气魄
凭借力量或势力"
魏,"古代宫门上的楼台
中国历史上的北朝之一"
应,"该，当，又引申料想理该如此
回答
随，即
回答或随声相和
接受，允许，答应要求
顺合，适合
对待"
夏,"一年的第二季
中国朝代名
指中国"
嘉,"善，美
夸奖，赞许
吉庆，幸福
欢乐"
止,"停住不动
拦阻，使停住
仅，只"
田,"种植农作物的土地
和农业有关的"
攻,"”相对
指责，驳斥
治病
致力学习或研究"
亡,"逃
失去
死
灭"
悉,"知道
尽，全"
登,"上，升
踩，践踏，脚向下用力
记载
谷物成熟
立刻
进
方言，穿"
置,"放，摆，搁
设立，设备
购买"
林,"长在一片土地上的许多树木或竹子
聚集在一起的同类的人或事物"
楚,"古代的刑杖，或学校扑责学生的小杖
中国春秋时国名
指中国湖北省和湖南省，特指湖北省
痛苦
清晰，鲜明，整洁"
寻,"找，搜求
古代的长度单位（一寻等于八尺）"
教,"指导，训诲
使，令
指“宗教”
传授"
群,"相聚成伙的，聚集在一起的
众人
量词，用于成群的人或物"
酒,◎ 用高粱、米、麦或葡萄等发酵制成的含乙醇的饮料
反,"翻转，颠倒
”相对
抵制，背叛，抗拒
和原来的不同，和预感的不同
回击，回过头来
类推"
乞,向人讨、要、求
奇,"特殊的，稀罕，不常见的
出人意料的，令人不测的
惊异，引以为奇
”相对
零数"
赠,"把东西无代价地送给别人
古代皇帝为已死的官员及其亲属加封
驱除"
遗,"丢失
漏掉
丢失的东西，漏掉的部分
余，留
死人留下的
不自觉地排泄
生物体的构造和生理机能由上一代传给下一代
抛弃"
表,"外部，外面，外貌
显示
中医指用药物把感受的风寒发散出来
分类分项记录事物的文件
计时间的器具，通常比钟小，可以带在身边
计量某种量的器具
标志，榜样
称呼父亲或祖父的姊妹、母亲或祖母的兄弟姊妹生的子女，用来表示亲属关系
测量的标尺
封建时代称臣子给君主的奏章
树梢"
便,"顺利，没有困难或阻碍
简单的，礼节上非正式的
便利的时候
就
排泄屎尿或排泄出来的屎尿
〔～宜〕物价较低"
历,"经过
经过了的
遍、完全
推算年、月、日和节气的方法"
职,"）内应做的事
职位，执行事务所处的一定地位
旧时公文用语，下属对上司的自称
掌管
由于"
荣,"草木茂盛，引申为兴盛
”相对
草开花，亦泛指草木的花"
语,"话
指“谚语”或“古语”
代替语言的动作
说
告诉"
指,"手伸出的支体（脚趾亦作“脚指”）
量词，一个手指的宽度
（手指或物体尖端）对着，向着
点明，告知
直立，竖起
意向针对"
车,"陆地上有轮子的交通工具
用轮轴来转动的器具
用水车打水
指旋床或其他机器
用旋床加工工件
方言，转动身体"
谥,"古代帝王或大官死后评给的称号
叫作，称为"
强,"”相对
程度高
胜过，优越，好
有余，略多于某数
使用强力，硬性地
着重，增加分量
硬要，迫使，尽力
固执，强硬不屈"
寇,"盗匪，侵略者，亦指敌人
侵略者来侵犯"
持,"拿着，握住
遵守不变
主张，掌管
对待，处理
扶助"
延,"引长
展缓，推迟
引进，请"
选,"挑拣，择
用投票或举手等表决方式推举出代表或负责人
被选中的（人或物）
选辑成册的作品"
怒,"生气，气愤
气势盛
中国少数民族，主要分布于云南省
谴责"
被,"睡觉时覆盖身体的东西
盖，遮覆
遭遇，遭受
介词，用在句中表示主讲是受事者
用在动词前，表示受动"
游,"人或动物在水里行动
从容地行走
〈书〉交往，来往
不固定
河流的一段"
追,"赶，紧跟着
回溯过去，补做过去的事
竭力探求，寻求
雕琢"
曹,"等，辈
古代分科办事的官署"
阁,"类似楼房的建筑物，供远眺、游憩、藏书和供佛之用
特指女子的卧房
小木头房子
某些国家的最高行政机关"
舍,"放弃，不要了
施舍
居住的房子
居住，休息
谦辞，多指亲属中比自己年纪小或辈分低的
古代行军一宿或三十里为一舍"
处,"居住
存在，置身
跟别人一起生活，交往
决定，决断
对犯错误或有罪的人给予相当的惩戒
止，隐退
地方
点，部分
机关，或机关、团体、单位里的部门"
惟,"单，只
但是
文言助词，常用于句首
想，思考"
首,"头，脑袋
领导的人，带头的
第一，最高
最先，最早
出头告发
量词，指诗和歌"
圣,"旧时称所谓人格最高尚的、智慧最高超的人
最崇高的，对所崇拜的事物的尊称
封建时代美化帝王的说法
称学问、技术有特高成就的
”《説文•土部》"
转,"迁徙；流亡
不直接的，中间再经过别人或别的地方
改换方向
改变位置
改变形势、情况
旋转
使旋转
围绕着一个中心运动
量词，旋转一圈为一转
量词，古代勋位每升一级称“一转”"
总,"聚合，聚在一起
概括全部，主要的
为首的，最高的
束系，束头发
经常，一直
一定，无论如何"
幸,"意外地得到成功或免去灾害
福气
高兴
希望
宠爱
指封建帝王到达某地"
分,"区划开
由整体中取出或产生出一部分
由机构内独立出的部分
散，离
辨别
区划而成的部分
一半
名位、职责、权利的限度
构成事物的不同的物质或因素
料想
”，属于一定的阶层、集团或具有某种特征的人"
阴,"”相对
指“月亮”
带负电的
云层较厚，遮住阳光
不见阳光，亦指不见阳光的地方
不露出表面的，暗中的
背地捣鬼，险恶
指冥间
凹进的
指时间
生殖器"
免,"去掉，除掉
不被某种事物所涉及
不可，不要"
晋,"进
中国山西省的别称
中国朝代名"
察,仔细看，调查研究
走,"行
往来
移动
往来运送
离去
经过
透漏出去，超越范围
失去原样
古代指奔跑
”的谦辞"
降,"下落，落下
减低，贬抑
投降，归顺"
诛,"把罪人杀死
责罚
责求"
斩,砍断
累,"连续，重叠，堆积
照原数目多少而递增
连及，连带
疲乏，过劳
使疲劳"
巡,"到各处去，来回走动查看
酒席上给全座依次斟酒一遍"
领,"颈，脖子
衣服上围绕脖子的部分
事物的纲要
）
治理的，管辖的
接受，取得
了解，明白
量词，用于衣服、席、箔等"
讨,"查究，处治
征伐，发动攻击
研究，推求
索取
求，请求
惹
娶"
伏,"趴，脸向下，体前屈
低下去
屈服，承认错误或受到惩罚
使屈服
隐藏
农历划分夏季最炎热的三个阶段"
乡,"泛指城市外的区域
自己生长的地方或祖籍"
凡,"平常的，不出奇的
指人世间（宗教或迷信的说法）
所有的
总共
大概，要略"
近,"”相对
现在以前不久的时间
亲密
差别小，差不多
浅显"
绝,"断
尽，穷尽
极，极端的
独特的，少有的，没有人能赶上的
一定的，肯定的
越过
旧体诗的一种体裁"
丧,"跟死了人有关的事
丢掉，失去"
喜,"高兴，快乐
可庆贺的，特指关于结婚的
妇女怀孕
爱好
适于"
第,"次序
科举考试及格的等次
封建社会官僚贵族的大宅子
但"
辄,"总是，就
仗恃胡作非为"
就,"凑近，靠近
到，从事，开始进入
依照现有情况或趁着当前的便利，顺便"
恐,"害怕，畏惧
）
疑虑"
爱,"对人或事有深挚的感情
）
容易
重视而加以保护
吝惜"
监,"督察
牢，狱
古代官名或官府名"
备,"具备；完备
预备；准备
设备"
怀,"思念，想念
包藏
胸前
心意
安抚
归向，使降顺"
情,"外界事物所引起的喜、怒、爱、憎、哀、惧等心理状态
专指男女相爱的心理状态及有关的事物
对异性的欲望，性欲
私意
状况"
盗,"偷窃，用不正当的手段营私或谋取
偷窃或抢劫财物的人"
疑,"）
不能解决的，不能断定的"
汝,你
两,"数目，二。一般用于量词和“个、半、千、万、亿”前
双方
中国市制重量单位
表示不定数目"
龙,"传说中的一种长形、有鳞、有角的神异动物，能走，能飞，能游泳，能兴云作雨
古生物学中指一些巨大的有四肢有尾或兼有翼的爬虫
封建时代用作皇帝的象征，或称关于皇帝的东西"
变,"性质状态或情形和以前不同；变化；改变
变成
使改变
能变化的；已变化的
变卖
变通
有重大影响的突然变化
指变文"
予,"”，我
◎ 给与"
姓,"表明家族的字
平民"
夜,”相对
争,"力求获得，互不相让
力求实现
方言，差，欠
怎么，如何（多见于诗、词、曲）"
合,"闭，对拢
聚集
不违背，一事物与另一事物相应或相符
应该
总共，全
计，折算"
几,"小或矮的桌子
将近，差一点
苗头
询问数量多少（估计不太大）的疑问词
表示不定的数目"
神,"迷信的人称天地万物的创造者和所崇拜的人死后的精灵
不可思议的，特别希奇的
不平凡的，特别高超的
心思，心力，注意力
表情
精神"
狱,"监禁罪犯的地方
罪案，官司"
台,"高平的建筑物
像台的东西，器物的座子
量词
台湾省的简称
桌子、案子
敬辞，用于称呼对方或与对方有关的事物"
性,"人或事物的本身所具有的能力、作用等
性质，思想、感情等方面的表现
男女或雌雄的特质
有关生物生殖的"
犹,"相似，如同
尚且
）"
退,"”相对
离开，辞去
送还，不接受，撤销
脱落
和柔的样子
迟缓，畏缩"
黄,"像金子或向日葵花的颜色
特指中国黄河
指“黄帝”（即“轩辕氏”，传说中原始社会部落联盟首领）
事情失败或计划不能实现"
殿,"高大的房屋，特指帝王所居和朝会的地方，或供奉神佛的地方
在最后"
更,"改变，改换
经历
旧时夜间计时单位，一夜分为五更
愈加；越发
再，又"
容,"）
对人度量大
让，允许
相貌，仪表，景象，状态
或许，也许"
再,"两次；第二次
重复；继续
副词。（①表示又一次"
口,"”）
容器通外面的地方
出入通过的地方
特指中国长城的某些关口（多用作地名）
破裂的地方"
布,"棉、麻及棉型化学短纤维经纺纱后的织成物
宣告，对众陈述
分散到各处
流传，散播
做出安排"
徐,缓，慢慢地
厚,"扁平物体上下两个面的距离
”相对
），浓，多
不刻薄，待人好
重视，推崇"
具,"器物
备有
备，办
量词，用于某些器物和棺材、尸体"
荐,"推举，介绍
频仍，屡次
进献，祭献
草
草席，垫子"
私,"”相对
不公开的，秘密而又不合法的
暗地里"
乘,"骑，坐
趁着，就着
算术中指一个数使另一个数变成若干倍
佛教的教派或教法
古代称兵车，四马一车为一乘
古代称四为乘
中国春秋时晋国的史书称“乘”，后通称一般的史书"
邑,"城市，都城
旧指县
古代诸侯分给大夫的封地"
刑,"对犯罪的处罚
特指对犯人的体罚"
杨,落叶乔木，叶互生，卵形或卵状披针形，柔荑花序，种类很多，有白杨，大叶杨，小叶杨等多种，木材可做器物
达,"通
通晓
遍，全面
到
实现
传出来
得到显要的地位"
伯,"兄弟排行次序
父亲的哥哥
对父辈戚友的尊称
封建制度五等爵位的第三等
旧时对文章、道德足为表率者的尊称"
密,"”相对
关系近，感情好
不公开，不公开的事物
精致，细致"
待,"等，等候
以某种态度或行为加之于人或事物
将，要（古典戏曲小说和现代某些方言的用法）
◎ 停留，逗留，迟延"
崇,"高
尊重，推重
充，充满
增长"
营,"军队驻扎的地方，借指按编制集体生活的地方
筹划，管理，建设
谋求"
射,"放箭
用推力或弹力送出子弹等
气体或液体等受到压力迅速流出
放出光、热、电波等
有所指"
庆,"祝贺
可祝贺的事"
散,"分开，由聚集而分离
分布，分给
排遣
解雇
没有约束，松开
分开的，分离的
零碎的
中医称药末"
省,"地方行政区域
节约，不费
简易，减免
中国古官署名
古代称王宫禁地
检查
知觉，觉悟
看望父母、尊亲"
良,"好
善良的人
很"
秋,"一年的第三季
庄稼成熟的时期
指一年"
鲁,愚拙，蠢笨
养,"抚育，供给生活品
饲养动物，培植花草
抚养的（非亲生的）
教育，训练
使身心得到滋补和休息
保护修补"
谢,"对别人的帮助或赠与表示感激
认错，道歉
推辞
凋落，衰退
告诉，询问
逊，不如"
春,"一年的第一季
两性相求的欲望
生机"
徒,"步行
空
白白地
只；仅仅
从事学习的人
同一派系或信仰同一宗教的人
人（多指坏人）
剥夺犯人自由的刑法"
获,"打猎得到的禽兽
得到，取得
古代对奴婢的贱称
能得到机会或空闲
收割庄稼"
仕,"做官
审察"
忧,"发愁
可忧虑的事
指父母之丧"
兄,◎ 哥哥
质,"本体，本性
朴素，单纯
问明，辨别，责问
抵押或抵押品"
邪,"不正当，不正派
中医指引起疾病的环境因素
迷信的人指鬼神给予的灾祸
妖异怪诞"
帅,"军队中最高级的指挥官
遵循"
徙,"迁移
古代称流放的刑罚"
恶,"不好
凶狠
犯罪的事，极坏的行为
文言叹词，表示惊讶
）”相对"
报,"传达，告知
传达消息和言论的文件、信号或出版物
回答
由于做了坏事而受到惩罚"
辅,"帮助，佐助
古代指京城附近地区
人的颊骨"
著,"显明，显出
写文章，写书
写作出来的书或文章"
副,"”
附带的，次要的
）
◎ 剖开，裂开"
旧,"”相对
东西因经过长时间而变了样子
原先曾有过的，过去很长时间的
有交情，有交情的人"
盖,"有遮蔽作用的东西
伞
由上往下覆，遮掩
压倒，超过
方言，超出一般地好
用印，打上
造（房子）"
声,"物体振动时所产生的能引起听觉的波
消息，音讯
说出来让人知道，扬言，宣称
名誉
音乐歌舞"
号,"名称
旧指名和字以外的别号
记号，标志
排定的次序或等级
扬言，宣称
指某种人员
标上记号
号令，命令
军队或乐队里所用的西式喇叭
量词，用于人数
拖长声音大声呼叫
大声哭"
恩,◎ 好处，深厚的情谊
胜,"在斗争或竞赛中打败对方或事业达到预定目的
超过，占优势
优美的
古代妇女的饰物
）
）"
新,"”相对
”相对
不久以前，刚才
表示一种有异于旧质的状态和性质
称结婚时的人或物"
钱,"货币
费用
财物
圆形像钱的东西"
弘,"”）
扩充，光大"
原,"最初的，开始的
本来
谅解，宽容
宽广平坦的地方"
校,"学堂，专门进行教育的机构
古代军队编制单位
比较
查对、订正"
梁,"架在墙上或柱子上支撑房顶的横木，泛指水平方向的长条形承重构件
桥
器物、身体或其他物体上中间高起的部分"
舟,船
唐,"夸大，虚夸
空，徒然
朝代名"
宋,中国朝代名
愿,"乐意，想要
希望
迷信的人对神佛许下的酬谢，泛指许给别人的好处"
济,"渡，过河
对困苦的人加以帮助
补益"
色,"由物体发射、反射的光通过视觉而产生的印象
脸上表现出的神气、样子
情景，景象
种类
品质，质量
妇女美貌
情欲
〈口〉颜色"
务,"事情
从事，致力
追求
必须，一定
旧时收税的关卡（现多用于地名）"
福,"”相对
旧时妇女行礼的姿势
祭神的酒肉
保祐"
尔,"你，你的
如此
那，其（指时间）
”）
”"
果,"某些植物花落后含有种子的部分
”相对
坚决
确实，真的
充实，饱足"
注,"灌进去
（精神、力量）集中在一点
用文字来解释词名
解释词句所用的文字
记载，登记
赌博时所下金钱财物
量词，多用于款项或交易"
推,"手抵物体向外或向前用力使物移动
使用工具向前移动进行工作
使事情开展
进一步想，由已知之点想到其它
往后挪动（时间上）
辞让，脱卸
举荐，指出某人优点
让出，献出"
决,"排除阻塞物，疏通水道
堤岸被水冲开
断定，拿定主意
一定（用在否定词前）
决定最后胜败
执行死刑"
仆,"向前跌倒
”相对"
敌,"有利害冲突不能相容的
指敌人
抵挡
相当
仇视"
交,"付托，付给
相错，接合
互相来往联系
与人相友好
一齐，同时
两性和合"
美,"好，善
得意，高兴
称赞，以为好
指“亚美利加洲”（简称“美洲”）
指“美国”"
他,"称你、我以外的第三人，一般指男性，有时泛指，不分性别
别的，另外的
虚指"
诚,"真心
实在，的确"
随,"跟着
顺从，任凭
顺便，就着
像"
气,"没有一定的形状、体积，能自由散布的物体
呼吸
自然界寒、暧、阴、晴等现象
鼻子闻到的味
人的精神状态
怒，或使人发怒
欺压
中医指能使人体器官发挥机能的动力
中医指某种症象
景象"
诗,文学体裁的一种，通过有节奏和韵律的语言反映生活，抒发情感
急,"焦燥
气恼，发怒
使着急
匆促
迅速，又快又猛
迫切，要紧
严重
对大家的事情或别人的困难尽快帮助"
真,"”相对
确实，的确
清楚，显明
本性，本原
人的肖像
汉字的楷书"
纳,"收入，放进
接受
享受
缴付
补缀，缝补；现多指密密地缝"
负,"）
担任
仗恃，依靠
遭受
具有，享有
欠（钱）
”相对
”相对
违背，背弃
”相对"
手,"人使用工具的上肢前端
拿着
亲自动手
技能、本领
做某种事情或擅长某种技能的人
小巧易拿的"
害,"”相对
引起灾难的人或事物，坏处
使受损伤
发生疾病
心理上发生不安定情绪
杀死
妒忌"
室,"屋子，房间，亦指家
家，家族
机关团体内部的工作单位
古指妻子（亦指为子娶妻或以女嫁人）"
敬,"尊重，有礼貌地对待
表示敬意的礼物
有礼貌地送上去
谨慎，不怠慢"
荆,"”）
古代用荆条做的刑仗
中国古代“九州”之一，春秋时楚国别称
旧时对人谦称自己的妻子"
克,"能够
战胜，攻下
制伏
严格限定
消化
公制重量单位或质量单位"
赏,"指地位高的人或长辈给地位低的人或晚辈财物
因爱好某种东西而观看
认识到人的才能或作品的价值而给予重视
敬辞"
友,"彼此有交情的人
有亲近和睦关系的
相好，互相亲爱"
博,"多，广，大
知道得多
用自己的行动获得
古代的一种棋戏；后泛指赌财物"
恭,◎ 肃敬，谦逊有礼貌
尤,"特异的，突出的
更加，格外
过失
怨恨，归咎"
严,"紧密，没有空隙
不放松，认真
郑重，庄重
厉害的
重大"
轻,"）”相对
程度浅，数量少
用力小
负载少，装备简省
认为容易，不以为重要
随便，不庄重"
宝,"玉器，泛指珍贵的东西
帝王的印信，借指帝位
指金属货币
赌具的一种"
屯,"聚集，储存
驻军防守
村庄
◎ 困难"
动,"”相对
使开始发生
使用
使起作用或变化，使感情起变化
吃（多用于否定式）
非静止的
可变的
行为
常常"
工,"个人不占有生产资料，依靠工资收入为生的劳动者
制造生产资料和生活资料的生产事业
从事体力或脑力劳动
工作量
技术和技术修养
细致，精巧
）〕中国古代一种记谱符号体系，有十个字
善于，长于"
谷,"两山间的夹道或流水道，或指两山之间
喻困境
庄稼和粮食的总称
粟的别称，亦指稻的子实"
次,"第二
质量、品质较差的
等第，顺序
化学上指酸根或化合物中少含两个氧原子的
中间
量词，回
旅行所居止之处所"
特,"不平常的，超出一般的
单，单一
只，但
三岁的兽，一说四岁的兽
配偶，匹配"
蒙,"欺骗
昏迷，眼发黑
胡乱猜测
没有知识，愚昧
遮盖起来
受
形容雨点细小"
市,"做买卖或做买卖的地方
买
人口密集的行政中心或工商业、文化发达的地方
一种行政区划，有中央直辖和省（自治区）辖等
中国人民习惯使用的度量衡单位"
收,"接到，接受
藏或放置妥当
割断成熟的农作物
招回
聚，合拢
结束
逮捕，拘押
约束，控制（感情或行动）"
势,"权力，威力
表现出来的情况，样子"
试,"按照预定的想法非正式地做
考，测验"
佐,"辅助，帮助
处于辅助地位的人
劝"
廉,"堂屋的侧边
不贪污
）宜，价钱低
察考，访查"
禁,"受得住，耐久
忍耐，制止
不许，制止
法律或习惯上制止的事
拘押
古代称帝王的地方
不能随便通行的地方
避忌"
献,"恭敬庄严地送给
表现出来
古代指贤者，特指熟悉掌故的人"
贫,"”相对
缺乏，不足
絮烦可厌
僧道谦称"
禄,"古代官吏的俸给
福"
据,"凭依、倚仗
占有
可以用做证明的事物
按照"
机,"事物发生的枢纽
对事情成败有重要关系的中心环节，有保密性质的事件
合宜的时候
由许多零作组成可以做功或有特殊作用的装置和设备
有生命的生物体器官的作用
灵活，能迅速适应事物变化的
指“飞机”"
青,"深绿色或浅蓝色
绿色的东西
靛蓝色
黑色
喻年轻
竹简"
化,"性质或形态改变
佛教、道教徒募集财物
用在名词或形容词后，表示转变成某种性质或状态
习俗，风气
特指“化学”"
略,"大致，简单，不详细
省去，简化
简要的叙述
计谋
抢，掠夺"
劳,"人类创造物质或精神财富的活动
辛苦，辛勤
劳动者的简称
用力
用言语或实物慰问"
孔,"小洞，窟窿
很
量词，用于窑洞"
统,"总括，总起来
事物的连续关系"
己,代词，自己，对别人称本身
苦,"”相对
感觉难受的
为某种事所苦
有耐心地，尽力地
使受苦"
患,"忧虑
灾祸
害病"
期,"规定的时间，或一段时间
量词，用于刊物或其他分期的事物
盼望，希望
限度
必，决定
◎ 一周年，一整月"
昭,"光明
明显，显著"
记,"把印象保持在脑子里
把事物写下来
记载事物的书册或文字
）
古时的一种公文
皮肤上的生下来就有的深色斑
量词，指打一下"
读,"依照文字念
看书，阅览
求学
字的念法
旧指文章里一句中间念起来要稍稍停顿的地方"
别,"分离
差别
分类
另外的
卡住，插住，绷住
不要，不准"
富,"财产、财物多
充裕，充足"
的,"〔外〕“的士”（出租车）的简称
真实，实在
箭靶的中心
用在词或词组后表明形容词性
代替所指的人或物
表示所属的关系的词
”相应"
草,"对高等植物中除了树木、庄稼、蔬菜以外的茎干柔软的植物的统称；广义指茎干比较柔软的植物，包括庄稼和蔬菜
特指用作燃料、饲料的稻麦之类的茎叶
粗糙，不细致
汉字的一种书体
打稿子，亦指稿子；引申为初步的，非正式的
荒野，原野，引申为在野的、民间的
雌性的（用于某些家畜、家禽）"
送,"把东西从甲地运到乙地
赠给
陪伴人到某一地点
丢掉"
华,"美丽而有光彩的
精英
开花
繁盛
奢侈
指中国或汉族
敬辞，用于跟对方有关的事物
头发花白
指时光"
盛,"兴旺
炽烈
丰富，华美
热烈，规模大
广泛，程度深
深厚
把东西放进去
容纳"
爵,”五等）
集,"群鸟栖止于树上
聚合，会合
会合许多著作编成的书
大型图书中可以相对独立的一部分，或一部小说、一部电影、电视剧中相对独立的段落
定期交易的市场
中国古代图书的四部分类法
成就，成功
数学基本概念之一，指若干具有共同属性的事物的总体"
救,"给予帮助使脱离危险或解脱困难
终止"
极,"顶端，最高点，尽头
指地球的南北两端或电路、磁体的正负两端
尽，达到顶点
最高的，最终的
副词"
甫,"”）
刚刚，才
大"
废,"停止，不再使用
没有用的，失去效用的
没有用的东西
荒芜，衰败
重伤或杀死某人"
比,"较量高低、长短、远近、好坏等
能够相匹
表示比赛双方胜负的对比
表示两个数字之间的倍数、分数等关系
譬喻，摹拟
靠近，挨着
和，亲
及，等到"
精,"上好的白米
”相对
聪明，思想周密
物质中最纯粹的部分，提炼出来的东西
人表现出来的活力、生气
专一，深入
雄性动物体内的生殖物质
很、极
完美，最好
明朗，清明
神话传说中的妖怪"
蜀,"中国四川省的别称
中国朝代名"
叹,"因忧闷悲痛而呼出长气
因高兴、兴奋、激动而发出长声
吟咏"
儿,"小孩子
年轻的人（多指青年男子）
儿子，男孩子
助詞"
伐,"砍
征讨
自夸"
川,"河流
平原，平地
指四川"
判,"区别，分辨，断定
分开，截然不同
评定
司法机关对案件的裁决
古代官名"
仪,"人的外表或举动
按程序进行的礼节
礼物
供测量、绘图、实验用的器具
法制，准则"
专,"单纯、独一、集中在一件事上
独自掌握和占有"
劾,◎ 揭发罪状
旨,"意义，目的
封建时代称帝王的命令
美味"
按,"用手或手指压
止住
依照
考查，研求
（编者、作者等）在正文之外所加的说明或论断"
隆,"盛大，厚，程度深
）盛
高，高起
尊崇
〔黑咕～咚〕形容很暗看不见。如"
笑,"露出愉快的表情，发出欢喜的声音
讥嘲"
顺,"”相对
沿，循
依次往后
随，趁便
整理
服从，不违背
适合，不别扭"
奔,"◎ 急走，跑
直往，趋向
为某种目的而尽力去做"
诣,"到，特指到尊长那里去
[造诣]学业或技艺所达到的程度"
女,"”。现通称“妇女”
女儿"
策,"鞭打
激励，促进
古代称连编好的竹简
古代帝王对臣下封土、授爵或免官
古代科举考试的一种文体
杖
计谋，主意，办法"
越,"度过，超出
声音、情感扬起，昂扬
表示程度加深
消散
失坠，坠落
中国古民族名
中国周代诸侯国名。后用作浙江省东部的别称"
图,"用绘画表现出来的形象
指地图
画
计谋，计划
谋取，希望得到"
肃,"恭敬
严正，认真
躬身作揖，迎揖引进
萎缩"
妻,◎ 男子的配偶
曾,"指与自己中间隔两代的亲属
）
尝，表示从前经历过"
管,"吹奏的乐器
圆而细长中空的东西
形状像管的电子器件
负责，经理"
运,"循序移动
搬送
使用
人的遭遇，亦特指迷信的人所说的遭遇
南北距离"
康,"安宁
空，空虚
宽阔
无病
丰盛"
移,"挪动
改变，变动
旧时公文的一种，行文不相统属的官署间"
木,"树类植物的通称
木料、木制品
棺材
质朴
呆笨
感觉不灵敏，失去知觉"
穷,"缺乏财物
处境恶劣
达到极点
完了
推究到极点"
党,"为了政治目的结合起来的团体
意见相合的人或由私人利害关系结成的团体
指亲族"
纵,"放
放任；不拘束
身体猛然向前或向上
即使
”相对
起皱纹
急遽的样子"
惧,害怕
雄,"”相对
强有力的
强有力的人或国家"
虏,俘获
颖,"禾的末端，植物学上指某些禾本科植物小穗基部的苞片
东西末端的尖锐部分
才能出众"
约,"拘束，限制
共同议定的要遵守的条款
事先说定
邀请
节俭
简要，简单
大略
算术上指用公因数去除分子和分母使分数简化
◎ 用秤称"
土,"地面上的泥沙混合物
疆域
本地的，地方性的
”）
不合潮流
未熬制的鸦片
中国少数民族，主要分布于青海省"
玄,"深奥不容易理解的
虚伪，不真实，不可靠
黑色"
共,"相同，一样
彼此都具有、使用或承受
一起，一齐
总计，合计
与，和"
犯,"抵触，违反
违反法律的人，有罪的人
侵害，进攻
触发，发作
做错事情"
隐,"藏匿，不显露
伤痛
怜悯
◎ 倚，靠"
冠,"帽子
形状像帽子或在顶上的东西
把帽子戴在头上
超出众人，居第一位"
赋,"旧指田地税
念诗或作诗
给予，亦特指生成的资质"
识,"知道，认得，能辨别
所知道的道理
辨别是非的能力
记住"
器,"用具的总称
生物体结构中具有某种独立生理机能的部分
人的度量、才干
重视"
庶,"众多
平民，百姓
”相对
表示希望发生或出现某事，进行推测；但愿，或许"
驾,"把车套在牲口身上，使拉（车或农具）
古代车乘的总称，亦特指帝王的车，转指帝王
使开动，操纵
在……上面，超出
对人的敬辞"
亭,"建筑得比较简单的小房子
适中，均匀
正，当"
振,"搬动，挥动
奋起，兴起"
饮,"喝，又特指喝酒
指可喝的东西
含忍
）
给牲畜水喝"
连,"相接
带，加上
就是，既使，甚至于
联合
”的上一级"
避,"躲，设法躲开
防止"
勇,"有胆量，敢做
中国清代称战争时期临时招募的兵士"
示,"表明，把事物拿出来或指出来使别人知道
对来信的敬称"
扬,"簸动，向上播散
高举，向上
在空中飘动
称颂，传播"
昔,以前，从前
颇,偏，不正
目,"眼睛
看，视
想要达到的地点、境地或想要得到的结果
大项中再分的小项
名称
标题
”以上
孔眼
指为首的人"
感,"觉出
使在意识、情绪上起反应；因受刺激而引起的心理上的变化
对人家的好意表示谢意"
息,"呼吸时进出的气
停止，歇
繁殖，滋生
音信
儿女
利钱"
季,"兄弟排行次序最小的
末了
一年的四分之一
一段时间"
干,"触犯，冒犯，冲犯
追求，求取，旧指追求职位俸禄
关连，涉及
盾，古代抵御刀枪的兵器
古代用以记年、记月、记日、记时（亦作编排次序）的十个字（甲乙丙丁戊己庚辛壬癸）
涯岸，水边
个数
没有水分或水分少，跟“湿”相对
干的食品或其他东西
枯竭，尽净，空虚
副词，空，徒然，白白地
指没有血缘或婚姻关系，拜认的亲属
当面说气话或抱怨的话使对方难堪
〈方〉慢待；置之不理
事物的主体或重要部分
做
有才能的，善于办事的
方言，坏、糟"
迎,"接
面对着，冲着
揣度别人心意而投其所好"
术,"技艺
方法
”。黏谷子。《説文•禾部》
姓。《章丘志》
”。《爾雅•釋草》
，山薊，楊枹薊。”《集韻•術韻》
，草名。《説文》"
雨,"◎ 从云层中降落的水滴
◎ 下雨，落下"
委,"任，派，把事交给人办
抛弃，舍弃
推托，卸
曲折，弯转
积聚
末、尾
确实
无精打采，不振作"
逆,"”相对
抵触，不顺从
背叛，背叛者或背叛者的
迎接
预先"
载,"年；岁
记录；刊登；描绘
装，用交通工具装
充满
乃，于是（古文里常用来表示同时做两个动作）"
寿,"年岁，生命
活得长久
生日
祝人长寿
婉辞，指为死后作准备，或死后才用的"
苏,"指须头下垂物
昏迷中醒过来
缓解，解除
特指“江苏省”、“苏州市”
朝向"
财,◎ 金钱和物资
围,"环绕，四周拦挡起来
圈起来作拦阻或遮挡的东西
四周"
造,"制作，做
瞎编
成就
培养
相对两方面的人，法院里指诉讼的两方。即原告和被告
到，去
稻子等作物从播种到收割的次数
时代，年代"
简,"古代用来写字的竹板
书信
不复杂
选择"
孤,"幼年死去父亲或父母双亡
单独
古代帝王的自称"
录,"记载，抄写
记载言行或事物的书册
采取，任用"
赴,"往，去
投入（某种境地），参加（某种行列）"
惠,"恩，好处
给人财物或好处
敬辞，用于对方对待自己的行动"
责,"责任，分（fèn）内应做的事
要求
指摘过失
质问，诘（jié）问
旧指为了惩罚而打"
补,"把残破的东西加上材料修理完整
把缺少的东西充实起来或添上
益处"
敕,"帝王的诏书、命令
告诫"
典,"可以作为标准的书籍
标准，法则
指典礼
主持，主管
活买活卖，到期可以赎"
面,"头的前部，脸
用脸对着，向着
事物的外表
方位，部分
量词，多用于扁平的物件
会见，直接接头的
几何学上指线移动所生成的形迹，有长有宽没有厚的形
粮食磨成的粉
粉末
由面粉和水做成的条状食物
食物含纤维少而柔软"
要,"索取
希望，想
请求
重大，值得重视的
应该，必须
）
如果，倘若
表选择
求，有所倚仗而强求"
咸,"〈书〉全，都
”相对
用盐腌制的"
危,"不安全
损害
高的，陡的
使人惊奇的
端正的，正直的
指人临死"
境,"疆界，边界
地方，区域，处所
状况，地步"
施,"实行
用上，加工
给予"
谕,告诉，使人知道（一般用于上对下）
智,聪明，见识
庄,"村落，田舍
封建社会君主、贵族等所占有的成片土地
商店的一种名称
某些种类的赌博，局中人轮流为主
四通八达的道路
严肃，端重"
朱,"红色
矿物名"
充,"满、足
填满，装满
当，担任
假装"
俱,"全，都
一起；在一起"
设,"布置，安排
筹划
假使"
切,"◎ 用刀从上往下用力
密合，贴近
紧急
实在"
丁,"天干的第四位，用于作顺序第四的代称
从事某种劳动的人"
竟,"终了，完毕
到底，终于
整，从头到尾
居然，表示出乎意料"
凤,”）
院,"围墙里房屋四周的空地
某些机关、学校和公共场所名称"
英,"花
才能出众，才能出众的人
精华，事物最精粹的部分
用羽毛做的矛饰
指“英国”"
豫,"欢喜，快乐
安闲，舒适
中国河南省的别称"
向,"”相对
介词，表示动作的方向或对象
方向
近，临
偏袒，袒护
从前
副词，从开始到现在"
族,"亲属，泛指同姓之亲
指具有共同起源和共同遗传特征的人群
指在历史上形成的人群的稳定共同体，他们有共同的语言、经济生活以及表现于共同文化上的心理素质
聚居而有血统关系的人群的统称
事物有共同属性的一大类
封建时代的一种残酷刑罚，一人有罪，把全家或包括母亲、妻家的人都杀死
聚合，集中"
劝,"说服，讲明事理使人听从
勉励"
范,"模（mú）子
榜样
一定界限
限制"
释,"解说，说明
消除，消散
放开，放下
佛教创始人释迦牟尼的简称，后泛指佛教"
俗,"社会上长期形成的风尚、礼节、习惯等
大众化的，最通行的，习见的
趣味不高的，令人讨厌的
凡世间，相对于仙佛僧道"
孟,"兄弟姊妹排行最大的
农历四季中月份在开头的（其它两个月依次为仲、季）
猛然不及思考，冒冒失失
勉力"
辟,"君主
指君主招来，授予官职
开发建设
驳斥，排除
透彻
法，刑"
朕,"我，我的。中国秦始皇时起专用作皇帝自称
征兆，迹象"
体,"人、动物的全身
身体的一部分
事物的本身或全部
物质存在的状态或形状
文章或书法的样式、风格
事物的格局、规矩
亲身经验、领悟
设身处地为人着想"
筑,"捣土的杵
建造，修盖
居室"
考,"试验，测验
检查，查核
推求，研究
老，年纪大
原指父亲，后多指已死的父亲
击，敲"
奸,"阴险，虚伪，狡诈
不忠于国家或自己一方的人
男女发生不正当的性行为"
讲,"说，谈
把事情和道理说出来
注重某一方面，并设法使它实现
和解
商量，商议"
嗣,"接续，继承
子孙"
检,"查
注意约束（言行）"
适,"切合，相合
舒服
刚巧
刚才，方才
往，归向
旧称女子出嫁"
仍,"依然，还，照旧
因袭，沿袭
频繁，重复"
甲,"天干的第一位，用于作顺序第一的代称
居于首位的，超过所有其它的
古代科举考试成绩名次的分类
古代军人打仗穿的护身衣服，用皮革或金属叶片制成
现代用金属做成有保护功能的装备
某些动物身上有保护功能的硬壳
手指或脚趾上的角质硬壳
旧时户口编制单位
植物果实的外壳"
野,"郊外，村外
界限，范围
）”相对
不讲情理，没有礼貌
巨大而非分的欲望
不受约束
不是人工驯养或栽培的（动物或植物）"
假,"”相对
借用，利用
据理推断，有待验证的
◎ 照规定或经请求批准暂时离开工作或学习场所"
夺,"抢，强取
争先取到
冲开
丧失，削除
晃动
决定如何处理
漏掉（文字）"
夷,"中国古代称东部的民族
中国旧时指外国或外国的
平，平坦，平安
弄平
消灭
等辈"
呼,"喊
唤，叫
”相对
象声词"
农,"种庄稼，属于种庄稼的
种庄稼的人"
鸣,"鸟兽或昆虫叫
发出声音，使发出声音
声明，发表意见、情感
闻名，著称"
饥,"饿
庄稼收成不好或没有收成"
弱,"”相对
年纪小
”相对
差，不如
丧失（指人死）"
震,"疾雷（霹雳）使物体振动
雷
巨大的力等使物体剧烈颤动
迅速或剧烈地颤动
特指“地震”
惊恐或情绪过分激动"
拔,"抽，拉出，连根拽出
夺取军事上的据点
吸出
选取，提升
超出，高出
把东西放在凉水里使变凉
改变"
头,"人身体的最上部分或动物身体的最前的部分
指头发或所留头发的样式
物体的顶端
指事情的起点或端绪
物体的残余部分
以前，在前面的
次序在前，第一
首领
方面
临，接近
量词，多指牲畜
表示约计、不定数量的词"
杜,"）
姓"
斯,"这，这个，这里
乃，就
劈"
空,"不包含什么，没有内容
没有结果的，白白地
离开地面的，在地上面的地方
使空，腾出来
闲着，没被利用的
亏欠"
役,"服兵务，从军
战事
服劳力之事
使唤
被役使的人"
叛,◎ 违背自己所属方面的利益投到敌对方面去
灵,"有效验
聪明，不呆滞
敏捷的心理活动
精神
旧时称神或关于神仙的
反映敏捷，活动迅速
关于死人的"
翰,"长而坚硬的羽毛
借指毛笔和文字、书信等"
彼,"那，那个
他，对方"
坚,"牢固，结实，硬
不动摇，不改变
牢固、结实的东西或阵地"
但,"只，仅，只是
不过，可是
徒然"
各,"◎ 每个，彼此不同
方言，特别"
屡,接连着，不止一次
虚,"空
不真实的
内心怯懦
不自满
抽象的
衰弱"
资,"财物，钱财
经营工商业的本钱和财产
供给，帮助
智慧能力
出身和经历"
愈,"更，越
较好，胜过
病好了"
袭,"趁敌人不备时攻击
触及
照样做，照样继续下去
量词，指成套的衣服
衣上加衣，引申为重迭
合，和"
尹,"治理
官名"
籍,"书，书册
登记隶属关系的簿册；隶属关系
登记
征收"
步,"行走
踏着别人的足迹走，追随
行走时两脚的距离
事情进行的程序、阶段、程度"
休,"歇息
停止
旧指丈夫把妻子赶回母家，断绝夫妻关系
不要
吉庆，美善，福禄
”等用法相当
辞去官职"
希,"少
盼望"
答,"回话，回复
）报别人"
悦,"高兴，愉快
使愉快"
访,"向人询问，调查
探问，看望"
微,"小，细小
少；稍
衰落；低下
精深；精妙
隐约；不明
隐匿
暗中察访
无，非
与某一物理量的单位连用时，表示该量的百万分之一"
丘,"小土山
像小土山凸起的
坟墓
量词，指用田塍隔开的水田
众人聚居的地方"
显,"露在外面容易看出来
表现，露出
旧时称有权势的或有名声地位的
敬辞，称先人"
列,"排成的行
众多，各
摆出
安排到某类事务之中
量词，用于成行列的事物
类"
塞,"堵，填满空隙
堵住器物口的东西
◎ 边界上险要地方
◎ 义同（一），用于若干书面语词"
庙,"供奉祖先的房屋
供神佛或历史上有名人物的地方
王宫的前殿，泛指朝廷"
贞,"坚定，有节操
旧礼教中束缚女子的一种道德观念，指妇女不改嫁等
占，卜，问卦"
宾,"客人
服从，归顺"
郑,中国周代诸侯国名，在今河南省新郑县一带
弗,◎ 不
曲,"”相对
不公正，不合理
弯曲的地方
偏僻的地方
酿酒或制酱时引起发酵的东西
能唱的文词，一种艺术形式
歌的乐调"
画,"绘图
图像
写，签押，署名
用手、脚或器具做出某种动作
字的一笔称一画"
材,"木料，泛指一切原料或资料
能力，资质
棺木"
傅,"辅相
教导
教导人的人
附着，使附着"
豪,"具有杰出才能的人
气魄大，直爽痛快，没有拘束的
强横的，有特殊势力的"
拒,"抵挡，抵抗
不接受"
阙,"古代用作“缺”字。空缺
过错
皇宫门前两边供瞭望的楼
皇帝居处，借指朝廷
京城，宫殿
陵墓前两边的石牌坊"
积,"聚集
数学上指乘法运算的得数"
到,"从别处来
往
周全，全顾得着
成功"
燕,"鸟类的一科，候鸟，常在人家屋内或屋檐下用泥做巢居住，捕食昆虫，对农作物有益
轻慢
中国周代诸侯国名，在今河北省北部和辽宁省南部"
惊,"骡马等因为害怕而狂奔起来不受控制
害怕，精神受了突然刺激而紧张不安
震动
出人意料的"
没,"无
不曾，未
不够，不如
隐在水中
隐藏，消失
漫过，高过
财物收归公有或被私人侵吞
终，尽"
陷,"掉进，坠入，沉下
为捉野兽挖的坑
凹进
设计害人
攻破，占领
缺点"
泰,"平安，安定
佳，美好
极
骄纵，傲慢
通"
优,"美好的，出众的，与“劣”相对
充足，富裕
优待
旧时指演戏的人"
霸,"指依杖权势或武力欺压他人的人或集团
奉行强力政策，或实行强力占有
古代称诸侯的盟主"
商,"两个以上的人在一起计划、讨论
买卖，生意
”，后泛指做买卖的人，亦用以指从事私营工商业的人）
数学上指除法运算中的得数
中国朝代名"
胡,"中国古代称北边的或西域的民族
泛指外国或外族的
乱，无道理
文言疑问词，为什么，何故
嘴周围和连着鬓角长的须毛
古代指兽类颈下垂肉"
让,"）着旁人
请
许，使
任凭
被
索取一定代价，把东西给人
闪避
责备，谴责"
驰,"车马等奔跑，快跑
向往
传播，传扬
驱车马追逐"
俄,◎ 短时间
慎,小心，当心
末,"尖端，梢
最后，终了
非根本的，次要的，差一等的
碎屑
传统戏剧角色名，一般扮演中年以上男子"
茂,"草木旺盛
美，有才德"
稍,◎ 本义为禾末，引申为略微
断,"长形的东西从中间分开
不继续，禁绝
判定，决定
一定，绝对"
某,"代替不明确指出的人、地、事、物等
”或名字）"
幼,"年纪小，初出生的
小孩儿
对儿童爱护"
招,"打手势叫人来
用公开的方式使人来
应接
引来
承认自己的罪行
摇动"
泣,"小声哭
眼泪"
吉,"”相对
吉利的日子
善，贤，美
中国吉林省的简称"
弃,舍去，扔掉
冬,"一年中的第四季
”。敲鼓声"
祭,"对死者表示追悼、敬意的仪式
供奉鬼神或祖先
使用（法宝）"
矢,"箭
誓
正直
陈列
施布"
祸,"灾殃，苦难
危害，使受灾殃"
襄,"帮助，辅佐
完成，相助而成
冲上
上举，昂起
高"
葬,掩埋死人，泛指处理死者遗体
况,"情形
比方
文言连词，表示更进一层"
调,"搭配均匀，配合适当
使搭配均匀，使协调
调停使和解（调解双方关系）
调剂
调理使康复
调教；训练
挑逗；戏弄
乐曲；乐谱
乐曲定音的基调或音阶
语音上的声调
说话的腔调
口气；论调
人所蕴含或显露出来的风格、才情、气质
选调；提拨
调动
征集；征调
调查
提取、调取（文件、档案等）
调换
◎ 朝，早晨"
习,"学过后再温熟反复地学，使熟练
学
对某事熟悉
长期重复地做，逐渐养成的不自觉的活动
相因"
援,"牵引
帮助，救助
引用
执，持"
全,"完备，齐备，完整，不缺少
整个，遍
都
使不受损伤"
虑,"思考
担忧"
附,"另外加上，随带着
同意，赞同
捎带
靠近
依从"
妇,"已婚的女子
”相对
儿媳
泛指女性"
儒,"指读书人
中国春秋战国时代以孔子、孟子为代表的一个学派"
绍,"连续，继承
指中国浙江省绍兴市"
宪,"法令
指宪法"
钦,"恭敬
封建时代指皇帝亲自所做"
升,向上，高起，提高
戒,"防备
革除不良嗜好
佛教律条，泛指禁止做的事
准备"
赦,◎ 免除和减轻刑罚
灭,"火熄
完，尽，使不存在
淹没"
渡,"横过水面
由此到彼
转手，移交
过河的地方"
逾,"越过，超过
更加"
孺,◎ 小孩子，幼儿
回,"还，走向原来的地方
掉转
曲折，环绕，旋转
答复，答报
量词，指事件的次数
说书的一个段落，章回小说的一章
中国少数民族，分布于中国大部分地区"
署,"办理公务的机关
布置
签名，题字
暂代"
满,"全部充实，没有余地
到了一定的限度
骄傲，不虚心
十分，全
使满，斟酒
中国少数民族，主要分布于辽宁、黑龙江、吉林、河北等省和北京市、内蒙古自治区"
畏,"怕
敬服"
奴,"阶级社会中受压迫、剥削、役使的没有人身自由的人
像对待奴隶那样地
使人甘受奴役地"
尊,"地位或辈分高
敬重
敬辞，称与对方有关的人或事物
量词"
存,"东西在那里，人活着
保留，留下
寄放
停聚
怀有，怀着"
谒,"拜见
说明，陈述，告发
请求
名帖"
粮,"可吃的谷类、豆类等
作为农业税的粮食"
祠,供奉祖宗、鬼神或有功德的人的房屋
象,"哺乳动物，是目前地球陆地上最大的哺乳类动物，多产在印度、非洲等热带地区，门牙极长，可用于雕刻成器皿或艺术品
形状，样子"
晏,迟，晚
谦,◎ 虚心，不自满，不自高自大
诞,"大
欺诈，虚妄
生育，人出生
生日
放荡"
杰,"才能出众的人
特异的，超过一般的"
伤,"受损坏的地方
损害
因某种致病因素而得病
因过度而感到厌烦
妨碍
悲哀
得罪"
聚,会合，集合
笔,"写字、画图的工具
组成汉字的点、横、直、撇、捺等
用笔写，写作的
写字、画画、作文的技巧或特色
像笔一样直
量词，指钱款
指散文"
谁,"疑问人称代词
任何人，无论什么人"
剑,古代的一种兵器
温,"不冷不热
性情柔和
稍微加热
复习"
僚,"官
旧指同在一起做官的"
湖,"陆地上聚积的大水
指中国湖北省和湖南省
指中国湖州（旧地名，在今浙江省吴兴县）"
弼,辅佐
飞,"鸟类或虫类等用翅膀在空中往来活动
在空中运动
形容极快
极，特别地
无根据的、无缘无故的
像架在空中的形状
感情的表达与传递"
侵,"（敌人）进入境内，（外来的或有害的事物）进入内部
渐近
古代称荒年"
牛,"哺乳动物，趾端有蹄，头上长一对角，是反刍类动物，力量很大，能耕田拉车，肉和奶可食，角、皮、骨可作器物
星名，二十八宿之
喻固执或骄傲"
玉,"石头的一种，质细而坚硬，有光泽，略透明，可雕琢成工艺品
美，尊贵的，敬辞"
薄,"厚度小的
冷淡，不热情
味道淡
土地不肥沃
轻微，少
不庄重，不厚道
轻视
不充实，不坚强
迫近"
堂,"正房，高大的房子
同祖父的亲属关系
旧时官吏审案办事的地方
量词"
宿,"住，过夜，夜里睡觉
年老的，长久从事某种工作的
平素，素有的
隔夜的，隔年的
◎ 夜
◎ 星座"
贺,庆祝，祝颂
谨,"慎重，小心
郑重，恭敬"
寡,"少，缺少
淡而无味
妇女死了丈夫"
训,"教导，教诲
可以作为法则的话
典式，法则
解释词的意义"
护,"使不受侵犯和损害
救助
掩蔽，包庇"
藏,"隐避起来
收存起来
储放东西的地方
道教、佛教经典的总称
中国少数民族，主要分布于西藏自治区和青海、四川等省"
勤,"做事尽力，不偷懒
经常
上班，事务
担心，忧虑
帮助"
擒,捉拿
铁,"形容坚硬
形容确定不移
形容刚正
形容表情严肃
黑色
兵器的代称"
庐,房舍
裕,"丰富，宽绰
从容，不紧张费力"
暴,"强大而突然来的，又猛又急的
过分急躁的，容易冲击的
凶恶残酷的
横蹋，损害
鼓起来，突出
徒手搏击"
结,"）
条状物打成的疙瘩
聚，合
）
一种保证负责的字据
植物长果实"
殊,"不同
特别，很
断，绝
超过"
羌,"中国古代西部的民族
中国少数民族，主要分布于四川省
文言助词，用在句首，无义"
寒,"”相对
害怕
穷困，有时用作谦辞"
离,"相距，隔开
离开，分开
缺少"
怨,"仇恨
不满意，责备"
接,"连成一体
继续，连续
靠近，挨上
承受，收取
迎"
最,"极，无比的
聚合
合计"
须,"必得，应当
等待，停留
男人面上生的毛，胡子
像胡须的东西"
捕,◎ 捉，逮
状,"形容，样子
情况，情形
叙述，描写
旧时叙述事件的文辞
特种格式的凭证"
忘,◎ 不记得，遗漏
庭,"堂阶前的院子
厅堂
审判案件的处所或机构"
浩,◎ 水大，引申为大和多
勋,"特殊功劳
勋章"
辱,"羞耻
使受到羞耻
谦辞，表示承蒙
玷污，辜负"
赞,"帮助，辅佐
主持礼仪
夸奖，称扬
一种文体，用于颂扬人物"
宴,"以酒饭款待宾客
聚会在一起吃酒饭
酒席
），安闲"
费,"用钱财
用，消耗
需用的钱财"
静,"”相对
没有声音
安详，闲雅"
火,"燃烧，物质燃烧时所发出的光和焰
紧急
指枪炮弹药等
发怒，怒气
中医指发炎、红肿、烦躁等的病因
形容红色的"
税,国家向企业或集体、个人征收的货币或实物
唯,"”
答应的声音"
亮,"明，有光
光线
明摆出来，显露，显示
明朗，清楚
声音响
使声音响"
睿,"通达；明智
古时臣对君的敬辞"
郭,城外围着城的墙
旦,"早晨
表示某一天，亦指农历的初一日
传统戏剧里扮演女子的角色"
助,帮助协同，辅佐
羽,"鸟的毛
鱼类或昆虫的翅膀，道教传说中指会飞的仙人
箭上的羽毛，借指箭"
欢,"快乐，高兴
喜爱，亦指所喜爱的人
活跃，起劲，旺盛"
松,"种子植物的一属，一般为常绿乔木，脂可提取松香或松节油等。种子可榨油和食用
”相对
宽，不紧张，不严格
放开
用瘦肉做成的茸毛或碎末形的食品"
夕,"日落的时候
泛指晚上"
操,"拿，抓在手里
控制、掌握
从事
体力的锻炼，军事的训练
用某种语言或方言讲话
行为，品行"
斗,"中国市制容量单位（十升为一斗，十斗为一石）
量粮食的器具
形容事物之大
形容事物之小
像斗的东西
星名，二十八宿之一，亦泛指星
圆形的指纹
对打
比赛胜负，争胜
使动物之间互争高下
拼合，对准，凑近"
困,"陷在艰难痛苦或无法摆脱的环境中
穷苦、艰难
包围
疲乏
想睡，睡"
系,"有联属关系的
高等学校中按学科分的教学单位
关联
联结，栓
牵挂
是
把人或东西捆住上提或向下送
某些学科中分类的名称
结，扣"
熙,和乐
项,"颈的后部，泛指脖子
量词，分类的条目，
钱款，经费"
耶,”
沈,”。汁
仓,收藏谷物的建筑物
掠,"夺取
擦过
拷打
砍伐
顺手抓取"
弥,"满，遍
补，合
更加
水满的样子
久，远"
遭,"周，圈
次"
杖,"扶着走路的棍子
泛指棍棒
古代刑罚之一，用棍打"
哀,"悲痛
悼念
旧时称死去母亲"
贡,"献东西给上级，古代臣下或属国把物品进献给帝王
封建时代给朝廷荐举人才"
端,"正，不歪斜
正派，正直
事物的一头
用手很平正地拿"
桥,"架在水上或空中便于通行的建筑物
形状如桥梁的"
述,"修纂
循，顺行"
叔,"兄弟排行次序第三
父亲的弟弟，亦称跟父亲同辈而年纪较小的男子
丈夫的弟弟
拾"
辽,"远
中国朝代名"
鸿,"大雁
大
指书信"
藩,"篱笆
屏障，保卫
封建时代称属国属地或分封的土地，借指边防重镇"
戚,"因婚姻联成的关系
忧愁，悲哀"
循,遵守，依照沿袭
勿,◎ 副词，不，不要
贾,作买卖的人；商人。古时特指设店售货的坐商
抵,"挡，拒，用力对撑着
顶撞，冲突，矛盾
代替，相当，顶替
到达"
靖,"平安，安静
平定，使秩序安定
图谋，谋议
恭敬"
规,"画圆等的仪器
法则，章程，标准
格局，范围
相劝
谋划"
窃,"偷盗
用不合法不合理的手段取得
私自，暗中
谦辞，指自己"
逃,"为躲避不利于自己的环境或事物而离开
躲开不愿意或不敢接触的事物"
寺,"古代官署名
佛教出家人居住的地方
伊斯兰教徒礼拜、讲经的地方"
寝,"睡，卧
睡觉的地方
皇家宗庙后殿藏先人衣冠之处，亦指帝王的坟墓
停止，平息
面貌难看"
维,"系，连结
保持
纲
思考
以，因为
文言助词，用于句首或句中"
亨,通达，顺利
宽,"”相对
使松缓
不严厉，不苛求
富裕"
莽,"草，密生的草
广大，辽阔
粗鲁，冒失"
趋,"快走
归向，情势向着某方面发展
追求，追逐"
牧,"放养牲口
治
古代治民之官"
类,"很多相似事物的综合
相似，好像"
勉,"力量不够而尽力做
劝人努力，鼓励
努力"
毕,"完结
完全
究竟，到底
古代田猎用的长柄小网，亦指用长柄网捕取禽兽"
悟,理解，明白，觉醒
恨,"怨，仇视
为做不到或做不好而内心不安"
顷,"中国市制田地面积单位
短时间
刚才，不久以前"
潜,"隐在水面下活动
隐藏的，秘密地"
渊,"深水，潭
深"
丰,"容貌好看
风度神采
盛，多，大"
增,◎ 加多，添
阵,"军队作战时布置的局势
战场
量词，指事情或动作经过的段落"
掌,"手心，脚心
用巴掌打
把握，主持，主管
鞋底或牲口蹄子底下的东西"
预,"事前
参与"
毅,◎ 果决，志向坚定而不动摇
药,"可以治病的东西
有一定作用的化学物品
用药物救治
毒死"
溪,◎ 山里的小河沟，泛指小河沟
半,"二分之一
不完全的
在中间
喻很少"
险,"可能遭受的灾难
可能发生灾难的
要隘，不易通过的地方
存心狠毒
几乎，差一点"
卷,"可以舒展和弯转成圆筒形的书画
书籍的册本或篇章
考试用的纸
机关里分类汇存的档案、文件
把东西弯转裹成圆筒形
裹挟带动
弯转裹成筒形的东西"
形,"实体
样子
表现
对照，比较
状况，地势"
巨,大，很大
壮,"大，有力，强盛
增加勇气和力量
”）"
桓,"古代立在城郭、宫殿、官署、陵墓或驿站路边的木柱
大"
渐,"副词，慢慢地，一点一点地
加剧
疏导
浸
流入"
横,"”相对
”相对
地理学上指东西向的
”相对
意外的，不寻常的"
支,"撑持，伸出，竖起
受得住
领款或付款
调度，指使
附属于总体的一个部分
〔地～〕历法中用的十二个字
量词"
减,"由原有数量中去掉一部分
降低程度，衰退"
宠,"爱
纵容，偏爱
妾
推崇"
申,"用于记时
陈述，说明
重复，一再"
忌,"嫉妒，憎恨
害怕，畏惧
禁戒
父母或祖先死亡的日子，迷信称不吉利的日子"
毋,"不要，不可以
不"
词,"语言里最小的可以独立运用的单位
言辞，话语，泛指写诗作文
中国一种诗体（起于南朝，形成于唐代，盛行于宋代。本可入乐歌唱，后乐谱失传，只按词牌格律创作）"
刚,"”相对
恰好，恰巧
才"
僧,◎ 佛教指出家修行的人，梵语“僧伽”的简称
沙,"非常细碎的石粒
像沙的东西
声音不清脆不响亮"
忍,"耐，把感情按住不让表现
狠心，残酷"
辩,◎ 说明是非或争论真假
审,"详细，周密
仔细思考，反复分析、推究
讯问案件
知道
一定地，果然"
虎,"哺乳动物，毛黄褐色，有黑色条纹，性凶猛，力大。骨和血及内脏均可入药（通称“老虎”）
勇猛、威武"
佑,◎ 帮助
毁,"破坏损害
烧掉
把成件的旧东西改造成别的东西
诽谤，说别人的坏话"
洪,"大
大水"
折,"翻转，倒腾
断，弄断
幼年死亡
弯转，屈曲
返转，回转
损失
挫辱
减少
抵作，对换，以此代彼
心服
戏曲名词，杂剧一本分四折，一折等于后来的一出
判决
亏损"
绅,"古代士大夫束腰的大带子，引申为束绅的人
旧称地方上有势力、有地位的人"
逐,"强迫离开
依照先后次序，一一挨着
追赶"
敛,"收拢，聚集
征收
收束，约束"
萧,冷落，没有生气的样子
衰,"事物发展转向微弱
等次，等级，等差"
律,"法则，规章
约束
中国古代审定乐音高低的标准，把声音分为六律（阳律）和六品（阴律）。合称“十二律”
旧诗的一种体裁"
池,"水塘，多指人工挖的
湖
像水池的
护城河
旧时指剧场中正厅前部"
单,"不复杂
独一
只，仅
奇（jī）数的
薄，弱
衣服被褥只有一层的
覆盖用的布
记载事物用的纸片"
沛,"水势湍急，行动迅疾的样子
充盛的样子
跌倒，倾仆"
芳,"花草的香气
喻美好的
花卉"
依,"靠，仗赖
按照
顺从，答应
亲密的样子"
卢,黑色
产,"人或动物生子
制造，养种植或自然生长
制造、养、种植或自然生长的东西
生出，出现
财物"
苟,"姑且，暂且
马虎，随便
如果，假使"
斤,"中国市制重量单位
古代砍伐树木的工具"
舆,"车中装载东西的部分，后泛指车
古代奴隶中的一个等级，泛指地位低微的人，亦用以指众人的
疆域"
淳,"朴实
◎ 浇灌"
颜,"面容，脸色，脸面
色彩"
抑,"压，压制
忧闷
文言发语词"
科,"动植物的分类单位
机关内部组织的划分
学术或专业的类别
古代分科考选文武官吏后备人员的制度
判定（刑罚）
古典戏剧本中指示角色表演动作时的用语"
雅,"正规的，标准的
美好的，高尚的，不粗俗的
平素，素来
极，甚
交往
酒器名
中国周代朝庭上的乐歌"
择,"◎ 挑拣，挑选
◎ 义同“择”（zé），用于口语"
阿,"◎ 加在称呼上的词头
迎合，偏袒
凹曲处"
讼,"在法庭上争辨是非曲直，打官司
争辨是非
自责"
提,"垂手拿着有环、柄或绳套的东西
引领（向上或向前等）
说起，举出
将犯人从关押之处带出来
率领，调遣
取出
舀取油、酒等液体的一种用具
古代鼓名
◎ 投掷"
突,"忽然
超出，冲破，猛冲
烟囱"
逵,"四通八达的道路。后也泛指大道。《爾雅•釋宫》
水中连通的穴道。《山海經•中山經》
隐。《廣韻•脂韻》
姓。《萬姓統譜•支韻》"
启,"打开
开始
开导
陈述
书信"
忽,"粗心，不注意
迅速，突然
长度和重量单位（十忽为一丝，十丝为一毫）"
托,"用手掌承着东西
陪衬，铺垫
承着器物的东西
寄，暂放
请求、帮助
借故推诿躲避
依赖
委任"
放,"解脱约束，得到自由
）
带牲畜到野外去吃草
驱逐到远方去
到基层去
发出
借钱给别人，收取利息
扩展
花开
搁、置
至"
米,谷类或其他植物的子实去了皮的名称
贪,求多，不知足
厉,"严格
严肃
凶猛
磨，使锋利"
屈,"”相对
低头，降服
冤枉，叫人不痛快
理亏"
敏,"迅速，灵活
奋勉"
览,◎ 看，阅
尺,"中国市制长度单位（亦称“市尺”。一尺等于十寸。西汉时一尺等于0.231米，今三尺等于一米）
量长度的器具
像尺的东西
形容微少或短小"
笃,"忠实，一心一意
厚实，结实
病沉重"
供,"◎ 准备着东西给需要的人应用
奉献
祭祀用的东西
被审问时在法庭上述说事实"
墓,◎ 埋葬死人的地方
俭,"节省，不浪费
贫乏，歉收"
旱,"”相对
非水田的、无水的、陆地上的，与水无关的"
彦,◎ 古代指有才学、德行的人
惮,"怕，畏惧
劳苦，因劳成疾
◎ 震赫，撼动"
逢,"遇到
迎合，巴结"
罗,"捕鸟的网
张网捕捉
搜集，招致，包括
散布
过滤流质或筛细粉末用的器具
用罗筛东西
轻软有稀孔的丝织品"
惇,"敦厚
劝勉，勤勉
推崇，尊重"
叶,"植物的营养器官之一
像叶子的
世代，时期
和洽，合"
逸,"散失
安闲，安乐
超过一般
隐遁
放任，不受拘束"
囚,"拘禁
被拘禁的人"
稽,"停留
考核
计较"
愚,"傻，笨
欺骗，耍
谦辞，用于自称"
粟,"一年生草本植物，子实为圆形或椭圆小粒。北方通称“谷子”，去皮后称“小米”
古代泛称谷类"
祀,"祭
中国殷代指年"
印,"图章，戳记
痕迹
用油墨、染料之类把文字或图画留在纸、布、器皿等材料上
彼此符合
外界事物反映在脑中所留下的形象"
溃,"大水冲开堤岸
散乱，垮台
肌肉组织因腐烂而破了口"
卧,"睡倒，躺或趴
把去壳的鸡蛋放到开水里煮"
骨,"人和脊椎动物体内支持身体、保护内脏的坚硬组织
像骨的东西（指支撑物体的骨架）
指文学作品的理论和笔力
指人的品质、气概"
扰,"搅乱
增添麻烦
驯顺，安
畜养"
陆,"高出水面的土地
随从的样子
跳跃"
介,"在两者中间
这样，这么
放在心里
耿直
甲
个（用于人）
大
传统戏曲脚本里表示情态动作的词
助"
妄,"胡乱，荒诞不合理
非分的，不实的"
伪,"假，不真实
不合法的"
错,"不正确，与实际不符
交叉着
叉开
用来打磨玉石的石头
打磨玉石
镀金、银，涂饰"
采,"摘取
开采
选取，取
神采，神色，精神"
币,钱币，交换各种商品的媒介
仰,"”相对
敬慕
依赖
旧时公文用语。上行文中用在“请、祈、恳”等字之前，表示恭敬；下行文中表示命令
服下，指服毒"
候,"等待
看望，问好
时节
事物在变化中的情状
古代把五天称为“一候”，现气象学上仍沿用"
帛,◎ 丝织品的总称
条,"植物的细长枝
泛称条形的东西
细长的形状
项目，分项目的
层次，秩序
◎ 挑取"
秀,"植物吐穗开花，多指庄稼
特别优异的，亦指特别优异的人
美丽而不俗气
”）
茂盛"
迹,"脚印
物体遗留下的印痕
前人遗留下的事物
追寻踪迹
据实迹考知"
遁,"逃避，躲闪
隐，消失"
崩,"倒塌
破裂
崩裂的东西击中
败坏
称枪毙
君主时代称帝王死"
投,"抛，掷，扔（多指有目标的）
跳进去
放进去，送进去
走向，进入
发向
寄，递送
合
临，在…以前"
觉,"人或动物的器官受刺激后对事物的感受辨别
睡醒；醒悟
睡眠（从睡着到睡醒）"
趣,"意向
趣味，使人感到愉快"
倚,"仗恃
偏，歪
随着，和着"
激,"水受阻遏，震荡而涌或飞溅
冷水突然浇淋或冲、泡食物
鼓动，使人的感情冲动
感情冲动
急剧的，强烈的
过分直率
鲜明"
履,"鞋
践踩，走过
步伐
执行，实行
指领土"
泉,从地下流出的水源
隶,"附属，属于
封建时代的衙役
旧时地位低下而被奴役的人
隶书，汉字的一种书体，由篆书简化演变而成"
奋,"鸟张开并振动翅膀
振作，鼓劲，振动
提起，举起"
郊,◎ 城外
诵,"用有高低抑扬的腔调念
称述，述说
诗歌"
纪,"记载
记年代的方式
法度
散丝的头绪"
违,"背，反，不遵守
不见面，离别"
泽,"水积聚的地方
金属或其他物体发出的光亮
恩惠"
祯,◎ 吉祥
斥,"责备
指，指出
使退去，使离开
开拓
多，广
侦察，伺望
盐碱地"
防,"戒备，预先作好应急的准备
守卫
堤坝
抵得，相当"
医,"治病
治病的人
治病的科学"
朔,"农历每月初一
始
北方"
甘,"甜，味道好
美好
自愿，乐意"
弊,"欺蒙人的坏事
”相对"
锦,"有彩色花纹的丝织品
鲜明美丽"
涕,"眼泪
鼻子里分泌的液体"
嵩,高
亟,"◎ 急切
◎ 屡次"
朗,"明亮，光线充足
声音清楚、响亮"
津,"渡水的地方
口液，唾液
汗
滋润，补"
倾,"斜，歪
趋向
倒塌
使器物反转或歪斜以倒出里面的东西；引申为尽数拿出，毫无保留
用尽（力量）"
馆,"招待宾客或旅客食宿的房舍
一个国家在另一个国家外交人员常驻的住所
某些服务性商店的名称
一些文化工作场所
旧时指教学的地方"
背,"人体后面从肩到腰的部分
物体的后面或反面
”相对
向相反的方向
避开，离开
凭记忆读出
违反
不顺
偏僻
听觉不灵
）东西，引申为负担"
戎,"军队，军事
古代称兵车
大
”）
中国古代称西部民族"
式,"物体外形的样子
特定的规格
典礼，有特定内容的仪式
自然科学中表明某些关系或规律的一组符号
一种语法范畴，表示说话者对所说事情的主观态度"
落,"丢下，遗漏
掉下来，往下降
衰败
遗留在后面
停留，留下
停留或居住的地方
归属，得到某种结果
陷入不利境地
古代宫室建成时举行的祭礼，现泛指建筑物完工
稀少
屋檐上的滴水装置（俗称“檐滴水”）
死亡
篱笆"
诉,"叙述，倾吐
控告"
赖,"倚靠，仗恃
留在某处不肯走开
不承认
刁钻泼辣，不讲道理；游手好闲，行为不端的人
诬，怪罪
不好，劣"
乌,"指“乌鸦”
黑色的
无，没有
文言疑问词，哪，何"
贱,"”相对
旧时指地位卑下
谦辞，旧称与自己有关的
骂人的话
指撒娇或不尊重、不知好歹
轻视"
秩,"有条理，不混乱的情况
古代官吏的俸禄
古代官职级别
十年"
效,"摹仿
功用，成果
尽、致"
祥,"吉利
吉凶的预兆"
幽,"隐藏，不公开的
形容地方很僻静又光线暗
沉静而安闲
把人关起来，不让跟外人接触
迷信的人指阴间
古地名，大致相当于今中国河北省、辽宁省南部一带"
阅,"看，察看
经历
容，容许
本钱
总聚，汇集"
贬,"”相对
减低，降低"
程,"规矩，法式
进展，限度
道路的段落
衡量，考核"
翁,"老头儿
父亲
丈夫的父亲
妻子的父亲"
蛮,"粗野，凶恶，不通情理
愣，强悍
中国古代称南方各族
”"
谟,◎ 计谋，策略
带,"用皮、布或线等做成的长条物
像带子的长条物
车轮胎
区域
佩戴，披挂
随身拿着
捎，连着，顺便做
含有，呈现
率领，引导
女子阴道分泌的白色黏液"
屏,"遮挡
字画的条幅，通常以四幅或八幅为一组
除去，排除
抑止（呼吸）"
船,◎ 水上交通工具
柳,落叶乔木或灌木，枝柔韧，叶狭长，春天开黄绿色花，种子上有白色毛状物，成熟后随风飞散，种类很多，有“垂柳”、“河柳”、“杞柳”等
熹,"光明
炙，炽热"
库,贮存东西的房屋或地方
念,"惦记，常常想
心中的打算，想法，看法
说，读，诵读"
符,"古代朝廷传达命令或征调兵将用的凭证
代表事物的标记、记号
相合
道士画的驱使鬼神的图形或线条
古代称祥瑞的征兆"
撰,"才能
写作，著书
持，拿着"
羊,哺乳动物，反刍类，一般头上有一对角，品种很多
逮,"捉，捕，用于口语
到，及
捉拿"
树,"木本植物的通称
种植，培育
立，建立
”"
普,◎ 全，广，遍
品,"物件
等级，种类
性质
体察出好坏、优劣等
指吹弄乐器"
超,"越过，高出
跳上，跨过
在一定范围以外
遥远
怅惘的样子"
寄,"托付
依靠，依附
托人传送，特指由邮局传递
认的亲属"
虞,"预料
忧虑
欺骗
古代掌管山泽的官"
席,"用草或苇子编成的成片的东西，古人用以坐、卧，现通常用来铺床或炕等
座位
酒筵，成桌的饭菜
特指议会中当选的人数
职位
量词"
歌,"唱
能唱的文词"
抗,"抵御
拒绝
对等"
哭,◎ 因痛苦或悲哀而流泪发声
练,"白绢
把生丝、麻或布帛煮熟，使柔软洁白
反复学习，多次操作
经验多，精熟"
伍,"古代军队的编制
军队
同伴的人"
导,"指引，带领
传引，传向
启发"
鼓,"打击乐器，圆柱形，中空，两头蒙皮
形状、声音、作用像鼓的
敲击或拍打使发出声音
发动，使振作起来
高起，凸出"
岳,"”
称妻的父母或妻的叔伯"
扶,"搀，用手支持人或物，使不倒
帮助，援助
用手按着或把持着"
冀,希望
慨,"情绪激昂，愤激
叹息，叹气
豪爽，不吝啬"
编,"用细条或带形的东西交叉组织起来
按一定的原则、规则或次序来组织或排列
把材料加以适当的组织排列而成为书籍、报刊、广播电视节目等
创作
捏造
成本的书按内容划分的部分"
将军,"将军
武官名。春秋时诸侯以卿统军,故称卿为将军。战国以后转为武官之称,加号极繁。如汉有大将军、骠骑将军、车骑将军、卫将军、前、后、左、右将军以及楼船将军,材官将军、度辽将军等、多用以尊称对方
将军百战死。——《乐府诗集·木兰诗》
将军向宠。——诸葛亮《出师表》
宋将军家。——明魏禧《大铁椎传》
呼宋将军。
军衔名,在校级之上。通常分四级,少将、中将、上将和大将
将军
下象棋时攻击对方的“将”或“帅”
将国际象棋中的“王”暴露在对方棋子前,以致如果不是“王”被马上保护起来(如在其间放上另一棋子),则下一步便可能被对方吃掉
∶比喻给人出难题,使人感到难办
他当众将了我一军,要我表演舞蹈"
天下,"天下
∶四海之内,全中国
鱼鳖鼋鼍为天下富。——《孙子·谋政》
威天下不以兵革之利。——《孟子·公孙丑下》
天下三分。——诸葛亮《出师表》
天下之美。——明刘基《郁离子·千里马篇》
∶人世间,社会上
天下谁人不识君。——唐高适《别董大》
天下物皆然。——清袁枚《黄生借书说》
天下事有难易乎。——清彭端淑《为学一首示子侄》
∶全世界,所有的人
天下缟素。——《战国策·魏策》
天下顺之。——《孟子·公孙丑下》
以天下之所顺。
先天下之忧而忧。——宋范仲淹《岳阳楼记》
后天下之乐而乐。
∶国家或国家的统治权
传天下不足多。——《韩非子·五蠹》
为天下理财。——宋王安石《答司马谏议书》
共争天下。——《资治通鉴》
天下事谁可支柱者。——清方苞《左忠毅公逸事》
∶自然界,天地间
知天下之寒。——《吕氏春秋·察今》"
尚书,"尚书
中国上古历史文件的汇编。“尚”即“上”,《尚书》意即上古之书。相传由孔丘编选而成,传本有些篇是后人追述补充进去的,如《尧典》《皋陶谟》《禹贡》等。西汉初存二十八篇,用当时通行文字书写,即《今文尚书》。另有相传汉武帝时在孔丘住屋壁中发现的《古文尚书》,已佚。东晋梅赜(一作梅颐、枚颐)又伪造《古文尚书》。后来《十三经》中的通行本,即《今文尚书》与梅氏伪书的合编,宋人开始怀疑梅氏伪书,至清渐成定论。今文各篇内容包含商周等代的一些重要史料,如《盘庚》反映商代奴隶社会的情况、《禹贡》记述战国时黄河、长江两流域的地理等
尚书
∶中国古代官名。执掌文书奏章。作为官名,始置于战国时,或称“掌书”。秦为少府属官,汉武帝提高皇权,因尚书在皇帝左右办事,地位逐渐重要。后各朝均有设置,清代相沿不改
侍中、尚书、长史、参军,此悉贞良死节之臣,愿陛下亲之信之。——三国蜀诸葛亮《出师表》
上书乞骸骨,征拜尚书。——《后汉书·张衡传》
∶明清两代是政府各部的最高长官
兵部尚书"
御史,"御史
官名。秦以前指史官,明清指主管纠察的官吏
御史前书。——《史记·廉颇蔺相如列传》
又
顾召赵御史。
御史诣学宫。——清张廷玉《明史》
又
御史齐康"
太祖,"太祖
开国皇帝的通称
遵太祖法。——清张廷玉《明史》"
大夫,"大夫
[口]∶医生
大夫
古代官名。西周以后的诸侯国中,国君下有卿、大夫、士三等,“大夫”世袭,且有封地。后来大夫成为一般任官职者的称呼
孤之过也,大夫何罪。——《左传·僖公三十三年》"
太子,"太子
已确定继承帝位或王位的帝王的儿子
太子月恐惧。——《战国策·燕策》
有以报太子。
荆轲知太子不忍。
请立太子为王。——《史记·廉颇蔺相如列传》"
陛下,"陛下
对君主的尊称
愿陛下亲之信之。——诸葛亮《出师表》
不得永奉陛下。——宋王谠《唐语林·雅量》
窃为陛下惜之。——汉贾谊《论积贮疏》"
高祖,"高祖
曾祖的父亲
请问,你的高祖是谁?"
侍郎,"侍郎
中国古代官名,明清时代是政府各部的副部长,地位次于尚书
兵部侍郎"
进士,"进士
隋唐科举考试设进士科,录取后为进士。明清时称殿试考取的人"
即位,"即位
∶开始做帝王或诸侯
安斄王即位。——《史记·魏公子列传》
昭帝即位。——《汉书·李广苏建传》
∶就位;入席"
学士,"学士
∶学位的一种,通常是初级或最低级学位
文学士
∶古代在国学读书的学生"
京师,"京师
帝王的都城
自京师来。——唐柳宗元《柳河东集》
元济诣京师。——《资治通鉴·唐纪》
赴举京师。——宋胡仔《苕溪渔隐丛话》
自京师乘风雪。——清姚鼐《登泰山记》"
左右,"左右
∶左和右两方面
主席台左右,红旗迎风飘扬
∶附近;两旁
余立侍左右。——明宋濂《送东阳马生序》
∶身边
在帝左右
∶近臣;随从
太后明谓左右。——《战国策·赵策》
传以示美人及左右。——《史记·廉颇蔺相如列传》
帅左右登牙城拒战。——《资治通鉴·唐纪》
左右拥至尹前。——宋胡仔《苕溪渔隐丛话》
∶对人不直称其名,只称左右,以表示尊敬;信札亦常用以称呼对方
是故不敢匿意隐情,先以闻于左右。——《史记》
∶反正
我左右闲着没事,就陪你走一趟吧
∶用在数量词后面表示概数
在六点或六点左右到的家
断断续续在上海住了三十年左右
∶支配;控制
他的行动为她所左右
身边办事的人,侍从
左右未有所称诵,胜未有所闻。——《史记·平原君虞卿列传》"
太守,"太守
汉朝设立的一郡最高行政主管官吏。隋唐后的刺史、知府也别称太守
太守即遣人。——晋陶渊明《桃花源记》
太守自谓也。——宋苏轼《教战守》
太守与客来饮。
太守宴也。"
元年,"元年
帝王即位的第一年"
司马,"司马
∶古代官名,古代中央政府中掌管军政和军赋的长官。汉大将军、将军、校尉之属官都有司马,专掌兵事。隋唐州府佐吏有司马一人,位在别驾、长史之下,掌兵事,或位置贬谪及闲散官员
座中泣下谁最多,江州司马青衫湿。——唐白居易《琵琶行(并序)》
∶姓"
先生,"先生
∶老师
从先生授经。——清袁枚《祭妹文》
称别人的丈夫或对人称自己的丈夫
∶医生
旧时称管帐的人
在商号当先生
旧时称以说书、相面、算卦、看风水等为职业的人
算命先生
对长者的尊称
和硕豫亲王以先生呼之。——清全祖望《梅花岭记》
一般在一个男子姓氏后所用的一个习惯性的表示礼貌的称呼
对杜先生讲话"
太宗,"太宗
开国第二代皇帝
高祖太宗法。——宋王谠《雅量》"
吏部,"吏部
古代官制六部之一。主管吏的任免、考课、升降、调动等事务。长官为吏部尚书。位次在其他各部之上
时韩愈吏部权京兆宋胡仔《苕溪渔隐丛话》
吏部拟用左通政。——清张廷玉《明史》
又
道改南京吏部右侍郎"
明年,"明年
今年的下一年
越明年。——宋范仲淹《岳阳楼记》
明年复攻赵《史记·廉颇蔺相如列传》
明年陵降。——《汉书·李广苏建传》"
宰相,"宰相
辅助帝王掌管国事的最高官员的通称
此为宰相听事诚隘。(听事,即“厅事”,大厅;处理公事,接待宾客的厅堂。)。——宋司马光《训俭示康》
实宰相之职也。——清梁启超《谭嗣同传》"
朝廷,"朝廷
君主接受朝见和处理政事的地方,也用作以君主为首的中央统治机构或君主的代称
朝廷之臣莫不畏王。——《战国策·齐策》
吾恐上负朝廷,下愧吾师也。——清方苞《左忠毅公逸事》"
未尝,"未尝
——加在否定词前面,构成双重否定;不是
这未尝不是一个好办法
∶不曾
终夜未尝合眼
未尝不叹息。——诸葛亮《出师表》
所未尝行。——《资治通鉴·唐纪》
未尝识书具。——宋王安石《伤仲永》
未尝有言。——明刘基《卖柑者言》"
丞相,"丞相
古代辅佐君主治理国家政务的职位最高的大臣"
契丹,"契丹
中国古代的一个民族,四至五世纪时在今辽河上游游牧
契丹与吾约为兄弟。——宋欧阳修《新五代史·伶官传(序)》"
都督,"都督
∶总兵。古代的军事长官。清初总兵一般都兼都督。同知、都督佥事官衔。民国初年各省也设有都督,兼管民政
马副使鸣騄徐任太守民育及诸将刘都督肇基等皆死。——清全祖望《梅花岭记》
∶统率
予除右丞相兼枢密使,都督诸路军马。——宋文天祥《指南录·后序》"
参军,"参军
去当兵
他离家参军去了
参军
中国古代诸王及将帅的幕僚,官名
言未毕,参军马谡曰:“某愿往。”——《三国演义》"
诸侯,"诸侯
古时帝王所辖各小国的王侯
诸侯之所亡与战败而亡者,其实亦百倍。——宋苏洵《六国论》"
河南,"河南
中国中东部的省,简称豫。与河北、山东、安徽、湖北、陕西、山西相邻,面积16.7万平方公里,人口7442万,省会郑州。黄河流经本省,开封、洛阳为有名古都,著名五岳之一的中岳嵩山在郑州西南的登封县。中国商品粮、棉的主要基地之一"
节度,"节度
∶官名。三国吴孙权始置,掌管军粮。至唐以后则为领兵之官。即节度使
∶管辖,管理
南唐为奉化军节度。(军,区划名称。)——宋陆游《过小孤山大孤山》
节度
∶节制调度;部署
∶规则;分寸
日月之行,有常节度"
郎中,"郎中
∶中医医生
∶对他人亲随的敬称
兄长,这几位郎中,是张都监相公处差来取你。——《水浒传》
∶官名。清朝六部以下设司,司设长官郎中
∶宫廷的侍卫"
百姓,"百姓
普通人——相对于官员、干部而言
并皆暴犯百姓。——《世说新语·自新》
百姓多闻其贤。——《史记·陈涉世家》
(古代百姓是百官贵族的统称)"
礼部,"礼部
官署名,清代中央政府的六部之一,掌礼乐、祭祀、封建、宴乐文学校贡举的政令"
巡抚,"巡抚
古代官名,明代指巡视各地的军政、民政大臣,清代指掌管一省军政、民政的官员"
长史,"长史
官名。秦置。西汉时丞相、太尉、御史大夫属官均设长史,后历代相沿
尚书长史。——诸葛亮《出师表》
孙权长史。——《资治通鉴》
长史张昭"
孔子,"孔子
(公元前551—前479) 中国春秋末期思想家、教育家、儒家创始人。名丘,字仲尼,鲁国陬邑(今山东曲阜东南)人。幼年生活贫困。学无常师,相传曾问礼于老子。50岁时任鲁国司寇,摄行相事。后同学生周游列国,终不见用。晚年致力教育事业,传弟子有3000人,著名者72人。政治上主张“正名”,认为“君君、臣臣、父父、子子”,都应名实相副,以巩固等级名分和社会秩序。提倡德治教化,反对苛政。伦理思想上宣传“仁”。“仁”是符合等级制度的言行规范,又是维护家长制的精神支柱,是品德素养恭、宽、信、敏、惠的总称。教育思想上注重“学”与“思”的结合,提出“学而不思则罔,思而不学则殆”和“温故知新”。重视因材施教。现存《论语》集录孔子言行"
户部,"户部
官名,我国古代朝廷分掌户口、财政的官署
户部主事。——《明史》
户部司务。
南京户部。
三国以后设度支尚书掌财政,隋改为民部尚书,唐时改为户部,为三省下的六部之一,长官称尚书。以后历代沿置,清末改为度支部"
千里,"千里
指千里马
先王之千里。——《吕氏春秋·察今》"
文章,"文章
∶原指文辞,现指篇幅不很长而独立成篇的文字
你看了晨报上的那篇文章了么?
∶泛指著作
为文章。——唐柳宗元《柳河东集》
每为文章。
∶比喻曲折隐蔽的含义
话里有文章
∶事情;程序
照例文章总得做好"
上疏,"上疏
臣子向帝王进呈奏章
上疏言时事"
长安,"长安
长安地名始于秦朝,西汉、隋、唐等朝的都城,在今陕西西安一带"
兵部,"兵部
古时官署名,掌管全国武官选用和兵籍、军械、军令之政,长官为兵部尚书,有时称为武部,清末改为陆军部"
公主,"公主
帝王、诸侯之女的称号(周称王姬,战国始称公主)
公叔为相,尚(娶)魏公主。——《史记·吴起列传》
昔人愿世世无生帝王家,而毅宗之语公主,亦曰:“若何为生我家?”痛哉斯言!——清黄宗羲《原君》"
仆射,官名。秦始置，汉以后因之。汉成帝建始四年，初置尚书五人，一人为仆射，位仅次尚书令，职权渐重。汉献帝建安四年，置左右仆射。唐宋左右仆射为宰相之职。宋以后废。太平天国曾设仆射一职。
明日,"明日
明天
明日复明日
明日去。——清袁枚《黄生借书说》
明日徐公来。——《战国策·齐策》
明日造朝。——唐柳宗元《柳河东集》"
翰林,"翰林
皇帝的文学侍从官,唐朝以后始设,明、清改从进士中选拔
翰林天台陶先生明高启《书博鸡者事》"
政事,"政事
政府施政的事务
过问政事"
指挥,"指挥
∶发令调度
指挥围攻
∶指导乐曲或乐队的演奏
∶发令调度的人
乐队指挥"
子孙,"子孙
∶儿子和孙子
子孙荷担者三夫。——《列子·汤问》
∶泛指后代
子孙相继为王。——《战国策·赵策》
又
子孙侯者。
人主之子孙。
远者及其子孙。"
总管,"总管
∶全面管理;主管
校内事务一时无人总管
∶旧时富豪人家管理奴仆或事务的人
∶古代官名,为地方高级军政长官、军事长官或管理专门事务的行政长官的职称
∶供水给辅助支管或将辅助支管的水排走的管道"
太保,"太保
∶古三公之一,位次太傅。亦指太子太保,为辅导太子之官
∶宋、元时对庙祝、巫师的称呼
∶对绿林好汉的尊称
∶对仆役的尊称
∶男流氓"
国家,"国家
∶长期占有一块固定领土,政治上结合在一个主权政府之下的人民的实体;一种特定形式的政府、政体或政治上组织起来的社会
世俗国家
福利国家
法西斯国家
在中国,铁路属于国家
国家机器
国家监狱
国家银行
国家所有制
国家社会主义
国家资本主义
国家大事
国家机密
我们的权利受国家保护
国家之首
国家安全
∶由一个民族或多个民族组成并且具有或多或少确定的领土和一个政府的人民的共同体
中国是有成文宪法的国家
西方国家
新近独立的国家
国家的形势
这是个英雄的国家
∶由人民共同体所占据的土地
亚洲国家
殖民地国家
这个国家有几条大河
在这个国家的各个角落
第三世界国家
他曾在许多国家居住过
美丽的国家"
陕西,"陕西
中国西北部的省,简称陕或秦。面积20万平方公里,人口2,890万,省会西安。北部为黄土高原,中部为关中平原,南部为秦岭、大巴山山地。森林、煤、钼、汞、石棉储量丰富,工业以轻工、纺织为主,是西北地区工业发达的省"
皇帝,"皇帝
∶君主制国家——帝国(如古罗马帝国、中华帝国)的君主或统治者。在中国皇帝的称号始于秦始皇
皇帝盛明。——南朝梁丘迟《与陈伯之书》
皇帝行宫。——清姚鼐《登泰山记》
[古]∶天帝,上帝"
宾客,"宾客
客人的总称
宾客盈门
公子于是乃置酒大会宾客。——《史记·魏公子列传》
门客
太子及宾客知其事得,皆白衣冠以送之。——《战国策·燕策》
因宾客至蔺相如门谢罪。——《史记·廉颇蔺相如列传》"
刑部,"刑部
我国封建社会掌管刑法、狱讼事务的官署,属六部之一
寻移刑部。——清张廷玉《明史》
皆归刑部。——清方苞《狱中杂记》
刑部系囚之。
余在刑部狱。"
四方,"四方
∶东、南、西、北四个方向,泛指各个方面
凡四方之士无有不过而拜且泣者。——明张溥《五人墓碑记》
∶正方形或正方体
一只四方的木头匣子"
致仕,"致仕
旧时指交还官职,即辞官(退而致仕。)——《公羊传·宣公元年》
亦作“致事”
大夫七十而致事。——《礼记·曲礼上》"
秘书,"秘书
∶受雇为上级处理通讯及日常事务和杂务的人
∶秘密的书,如宫禁藏书、谶纬图篆、朝廷机要文书等"
士卒,"士卒
旧称士兵
身先士卒"
大将军,"大将军
武官名。始于战国,汉代以后历代沿置,为将军的最高或较高的称号
大将军仁慈不肯发令。——《广州军务记》"
给事中,"给事中
官名。秦汉为加官,晋以后为正官。明代给事中分吏、户、礼、兵、刑、工六科,辅助皇帝处理政务,并监察六部,纠弹官吏
给事中戴凤翔清张廷玉《明史》
又
给事中钟宇淳"
